source_step_index,time,step,sim_time_s,contact_force_valid,left_wheel_contact,right_wheel_contact,left_wheel_floor_contact,right_wheel_floor_contact,left_contact_active,right_contact_active,contact_supervisor_state,contact_previous_state,left_contact_force_world_z,right_contact_force_world_z,non_wheel_floor_contacts,total_wheel_floor_fz,total_contact_force_z,contact_duration_s,contact_transition_event,com_z_m,pitch_x_rad,roll_y_rad,wheel_vel_mean_rad_s,support_position_error_m,hip_yaw_abs_max,tau_saturation_rate,torque_saturation_mask_per_joint,torque_rate_saturation_mask_per_joint,tau_wbc_correction,tau_wbc_norm,hidden_torque_norm,ownership_violation_count
0,0.0,0,0.0,False,True,True,True,True,True,True,double_contact,none,20.508811950683597,22.049598693847656,0,42.55841054498711,42.55841064453125,0.0,initial_double_contact,0.4041118323802948,0.0,0.0,0.0,0.0,0.0,0.0,"False,False,False,False,False,False,False,False,False,False","False,False,False,True,False,False,False,False,True,False","0.0000,0.0000,0.0000,0.0000,0.0000,0.0000,0.0000,0.0000,0.0000,0.0000",11.987911224365234,0.0,0
1,0.01,1,0.01,True,True,True,True,True,True,True,double_contact,double_contact,46.22621536254883,46.88473510742188,0,93.11095157716872,93.11094665527344,0.01,none,0.4041108191013336,0.0003843643107758,2.5593164454837064e-05,-0.0238454065984115,-1.2619399237939756e-05,6.051732998457737e-05,0.0,"False,False,False,False,False,False,False,False,False,False","False,False,False,True,False,False,False,False,True,False","0.0000,0.0000,0.0000,0.0000,0.0000,0.0000,0.0000,0.0000,0.0000,0.0000",11.704520225524902,0.0,0
2,0.02,2,0.02,True,True,True,True,True,True,True,double_contact,double_contact,42.1491813659668,43.1102294921875,0,85.25941061497977,85.25941467285156,0.02,none,0.4039095640182495,0.0005222538147527,0.0001031867019516,1.235780954360962,-0.0002773084928115,0.0001945693802554,0.0,"False,False,False,False,False,False,False,False,False,False","False,False,False,False,False,False,False,False,False,False","0.0000,0.0000,0.0000,0.0000,0.0000,0.0000,0.0000,0.0000,0.0000,0.0000",12.144927978515623,0.0,0
3,0.03,3,0.03,True,True,True,True,True,True,True,double_contact,double_contact,42.70516204833984,43.51123809814453,0,86.21639774490046,86.21640014648438,0.03,none,0.4038352966308594,0.0001835688257455,0.0002044875491984,0.1619727686047554,-0.000701297166448,0.0003405118768569,0.0,"False,False,False,False,False,False,False,False,False,False","False,False,False,False,False,False,False,False,False,False","0.0000,0.0000,0.0000,0.0000,0.0000,0.0000,0.0000,0.0000,0.0000,0.0000",12.046258926391602,0.0,0
4,0.04,4,0.04,True,True,True,True,True,True,True,double_contact,double_contact,43.59031677246094,44.33489990234375,0,87.92521813002091,87.92521667480469,0.04,none,0.4038395583629608,0.0006415894306194,0.0003174822260761,0.2139719724655151,-0.0007996111348305,0.0004851931589655,0.0,"False,False,False,False,False,False,False,False,False,False","False,False,False,False,False,False,False,False,False,False","0.0000,0.0000,0.0000,0.0000,0.0000,0.0000,0.0000,0.0000,0.0000,0.0000",11.772923469543455,0.0,0
5,0.05,5,0.05,True,True,True,True,True,True,True,double_contact,double_contact,40.89168167114258,41.59923553466797,0,82.49091721909944,82.49092102050781,0.05,none,0.4039369225502014,0.0012186304836348,0.0004305523346626,0.988016277551651,-0.0010448759753665,0.000630717317108,0.0,"False,False,False,False,False,False,False,False,False,False","False,False,False,False,False,False,False,False,False,False","0.0000,0.0000,0.0000,0.0000,0.0000,0.0000,0.0000,0.0000,0.0000,0.0000",11.575533866882324,0.0,0
6,0.06,6,0.06,True,True,True,True,True,True,True,double_contact,double_contact,39.63106155395508,40.31615447998047,0,79.94721527190946,79.94721984863281,0.06,none,0.4041152000427246,0.0014457747145967,0.0005416049044211,1.0212428271770475,-0.0015260054620828,0.0007722946465946,0.0,"False,False,False,False,False,False,False,False,False,False","False,False,False,False,False,False,False,False,False,False","0.0000,0.0000,0.0000,0.0000,0.0000,0.0000,0.0000,0.0000,0.0000,0.0000",11.791507720947266,0.0,0
7,0.07,7,0.07,True,True,True,True,True,True,True,double_contact,double_contact,39.88857650756836,40.56589889526367,0,80.45447742623593,80.45447540283203,0.07,none,0.4043197631835937,0.0016611695194984,0.0006491120079601,0.8584977388381958,-0.0019875371290825,0.0009082043543457,0.0,"False,False,False,False,False,False,False,False,False,False","False,False,False,False,False,False,False,False,False,False","0.0000,0.0000,0.0000,0.0000,0.0000,0.0000,0.0000,0.0000,0.0000,0.0000",11.79779815673828,0.0,0
8,0.08,8,0.08,True,True,True,True,True,True,True,double_contact,double_contact,39.59129333496094,40.27009582519531,0,79.86138574180885,79.86138916015625,0.08,none,0.4045327007770538,0.0019516017363136,0.000751580884537,0.9546530842781068,-0.0024167042819424,0.0010424911743029,0.0,"False,False,False,False,False,False,False,False,False,False","False,False,False,False,False,False,False,False,False,False","0.0000,0.0000,0.0000,0.0000,0.0000,0.0000,0.0000,0.0000,0.0000,0.0000",11.742634773254396,0.0,0
9,0.09,9,0.09,True,True,True,True,True,True,True,double_contact,double_contact,39.09442138671875,39.77812576293945,0,78.87254944552879,78.87254333496094,0.09,none,0.4047551155090332,0.0021645357587505,0.0008480361496848,1.0161777436733246,-0.0028853387265767,0.0011756710009649,0.0,"False,False,False,False,False,False,False,False,False,False","False,False,False,False,False,False,False,False,False,False","0.0000,0.0000,0.0000,0.0000,0.0000,0.0000,0.0000,0.0000,0.0000,0.0000",11.759987831115724,0.0,0
10,0.1,10,0.1,True,True,True,True,True,True,True,double_contact,double_contact,39.02059173583984,39.711063385009766,0,78.73165329846181,78.73165893554688,0.0999999999999999,none,0.4049777090549469,0.0023026569546312,0.0009376862004529,0.9546124935150146,-0.0033614404828533,0.0013054159935563,0.0,"False,False,False,False,False,False,False,False,False,False","False,False,False,False,False,False,False,False,False,False","0.0000,0.0000,0.0000,0.0000,0.0000,0.0000,0.0000,0.0000,0.0000,0.0000",11.769734382629396,0.0,0
11,0.11,11,0.11,True,True,True,True,True,True,True,double_contact,double_contact,39.0373649597168,39.73458099365234,0,78.7719471724139,78.77194213867188,0.1099999999999999,none,0.4051919877529144,0.0024250336593042,0.001020070127538,0.9113245904445648,-0.0038111261838646,0.0014306404627859,0.0,"False,False,False,False,False,False,False,False,False,False","False,False,False,False,False,False,False,False,False,False","0.0000,0.0000,0.0000,0.0000,0.0000,0.0000,0.0000,0.0000,0.0000,0.0000",11.745009422302246,0.0,0
12,0.12,12,0.12,True,True,True,True,True,True,True,double_contact,double_contact,38.95343399047852,39.654518127441406,0,78.60795124272434,78.60795593261719,0.1199999999999999,none,0.4053969979286194,0.0025207562349423,0.0010952501327125,0.8934073746204376,-0.0042440898112413,0.0015508126234635,0.0,"False,False,False,False,False,False,False,False,False,False","False,False,False,False,False,False,False,False,False,False","0.0000,0.0000,0.0000,0.0000,0.0000,0.0000,0.0000,0.0000,0.0000,0.0000",11.72555446624756,0.0,0
13,0.13,13,0.13,True,True,True,True,True,True,True,double_contact,double_contact,38.91283416748047,39.61433792114258,0,78.52717277926874,78.52717590332031,0.1299999999999999,none,0.4055922925472259,0.0025748147012967,0.0011636877440747,0.8506892919540405,-0.0046633123438974,0.0016650832258164,0.0,"False,False,False,False,False,False,False,False,False,False","False,False,False,False,False,False,False,False,False,False","0.0000,0.0000,0.0000,0.0000,0.0000,0.0000,0.0000,0.0000,0.0000,0.0000",11.714357376098633,0.0,0
14,0.14,14,0.14,True,True,True,True,True,True,True,double_contact,double_contact,38.93768310546875,39.63558578491211,0,78.57326706570564,78.57327270507812,0.1399999999999999,none,0.4057762026786804,0.0025999265663298,0.0012259888353202,0.7951643764972687,-0.0050588062599856,0.0017734771827235,0.0,"False,False,False,False,False,False,False,False,False,False","False,False,False,False,False,False,False,False,False,False","0.0000,0.0000,0.0000,0.0000,0.0000,0.0000,0.0000,0.0000,0.0000,0.0000",11.697295188903809,0.0,0
15,0.15,15,0.15,True,True,True,True,True,True,True,double_contact,double_contact,38.95721054077149,39.64713668823242,0,78.60434345005378,78.6043472290039,0.15,none,0.4059483408927917,0.002604294206445,0.0012829961453704,0.7450849115848541,-0.0054273875726257,0.0018758318619802,0.0,"False,False,False,False,False,False,False,False,False,False","False,False,False,False,False,False,False,False,False,False","0.0000,0.0000,0.0000,0.0000,0.0000,0.0000,0.0000,0.0000,0.0000,0.0000",11.677321434020996,0.0,0
16,0.16,16,0.16,True,True,True,True,True,True,True,double_contact,double_contact,38.971099853515625,39.64887619018555,0,78.61997699008771,78.61997985839844,0.16,none,0.4061091840267181,0.0025867695883623,0.0013356476319175,0.6933224499225616,-0.0057701096530619,0.0019721523858606,0.0,"False,False,False,False,False,False,False,False,False,False","False,False,False,False,False,False,False,False,False,False","0.0000,0.0000,0.0000,0.0000,0.0000,0.0000,0.0000,0.0000,0.0000,0.0000",11.65957736968994,0.0,0
17,0.17,17,0.17,True,True,True,True,True,True,True,double_contact,double_contact,38.99977111816406,39.66231155395508,0,78.6620872539008,78.66207885742188,0.17,none,0.4062591195106506,0.002549904437047,0.0013848694550756,0.6356196701526642,-0.0060851518032373,0.0020626559853553,0.0,"False,False,False,False,False,False,False,False,False,False","False,False,False,False,False,False,False,False,False,False","0.0000,0.0000,0.0000,0.0000,0.0000,0.0000,0.0000,0.0000,0.0000,0.0000",11.642084121704102,0.0,0
18,0.18,18,0.18,True,True,True,True,True,True,True,double_contact,double_contact,39.0344123840332,39.68133163452149,0,78.71574449392726,78.71574401855469,0.18,none,0.4063984453678131,0.0024987973601285,0.0014314746202832,0.5762814879417419,-0.0063701814859616,0.0021478522103279,0.0,"False,False,False,False,False,False,False,False,False,False","False,False,False,False,False,False,False,False,False,False","0.0000,0.0000,0.0000,0.0000,0.0000,0.0000,0.0000,0.0000,0.0000,0.0000",11.62347412109375,0.0,0
19,0.19,19,0.19,True,True,True,True,True,True,True,double_contact,double_contact,39.06675720214844,39.6928596496582,0,78.75962146255979,78.75961303710938,0.19,none,0.4065277278423309,0.0024364249494162,0.0014761238250706,0.5164320021867752,-0.0066243786426997,0.0022284635342657,0.0,"False,False,False,False,False,False,False,False,False,False","False,False,False,False,False,False,False,False,False,False","0.0000,0.0000,0.0000,0.0000,0.0000,0.0000,0.0000,0.0000,0.0000,0.0000",11.604759216308594,0.0,0
20,0.2,20,0.2,True,True,True,True,True,True,True,double_contact,double_contact,39.11146926879883,39.57625198364258,0,78.68771984470354,78.6877212524414,0.2,none,0.4066476821899414,0.0023649913782188,0.0015193548215059,0.4545659720897674,-0.0068471081097522,0.0023051933385431,0.0,"False,False,False,False,False,False,False,False,False,False","False,False,False,False,False,False,False,False,False,False","0.0000,0.0000,0.0000,0.0000,0.0000,0.0000,0.0000,0.0000,0.0000,0.0000",11.58628749847412,0.0,0
