row_index,nominal_source_step_index,low_1cm_source_step_index,nominal_time,low_1cm_time,nominal_initial_root_z_perturbation_m,low_1cm_initial_root_z_perturbation_m,nominal_nominal_equilibrium_com_z_m,low_1cm_nominal_equilibrium_com_z_m,nominal_initial_com_z_m_after_perturbation,low_1cm_initial_com_z_m_after_perturbation,nominal_perturbation_applied_after_equilibrium_capture,low_1cm_perturbation_applied_after_equilibrium_capture,nominal_com_z_m,low_1cm_com_z_m,nominal_left_wheel_contact,low_1cm_left_wheel_contact,nominal_right_wheel_contact,low_1cm_right_wheel_contact,nominal_left_wheel_floor_contact,low_1cm_left_wheel_floor_contact,nominal_right_wheel_floor_contact,low_1cm_right_wheel_floor_contact,nominal_contact_force_valid,low_1cm_contact_force_valid,nominal_contact_supervisor_state,low_1cm_contact_supervisor_state,nominal_contact_transition_event,low_1cm_contact_transition_event,nominal_contact_duration_s,low_1cm_contact_duration_s,nominal_left_contact_force_world_z,low_1cm_left_contact_force_world_z,nominal_right_contact_force_world_z,low_1cm_right_contact_force_world_z,nominal_total_wheel_floor_fz,low_1cm_total_wheel_floor_fz,nominal_non_wheel_floor_contacts,low_1cm_non_wheel_floor_contacts,nominal_support_position_error_m,low_1cm_support_position_error_m,nominal_pitch_x_rad,low_1cm_pitch_x_rad,nominal_roll_y_rad,low_1cm_roll_y_rad,nominal_yaw_z_rad,low_1cm_yaw_z_rad,nominal_hip_yaw_abs_max,low_1cm_hip_yaw_abs_max,nominal_joint_pos,low_1cm_joint_pos,nominal_wheel_vel_mean_rad_s,low_1cm_wheel_vel_mean_rad_s,nominal_wheel_vel_left_rad_s,low_1cm_wheel_vel_left_rad_s,nominal_wheel_vel_right_rad_s,low_1cm_wheel_vel_right_rad_s,nominal_tau_position,low_1cm_tau_position,nominal_tau_final_per_joint,low_1cm_tau_final_per_joint,nominal_tau_saturation_rate,low_1cm_tau_saturation_rate,nominal_wheel_torque_saturation_left,low_1cm_wheel_torque_saturation_left,nominal_wheel_torque_saturation_right,low_1cm_wheel_torque_saturation_right,nominal_wheel_torque_rate_saturation_left,low_1cm_wheel_torque_rate_saturation_left,nominal_wheel_torque_rate_saturation_right,low_1cm_wheel_torque_rate_saturation_right,nominal_tau_wbc_correction,low_1cm_tau_wbc_correction,nominal_hidden_torque_norm,low_1cm_hidden_torque_norm,nominal_ownership_violation_count,low_1cm_ownership_violation_count
0,0,0,0.0,0.0,0.0,-0.01,0.4041118323802948,0.4041118323802948,0.4041118323802948,0.3941118419170379,False,True,0.4041118323802948,0.3941118419170379,True,True,True,True,True,False,True,False,False,False,double_contact,double_contact,initial_double_contact,initial_double_contact,0.0,0.0,20.508811950683597,0.0,22.049598693847656,0.0,42.55841054498711,0.0,0,0,0.0,0.0,0.0,0.0,0.0,0.0,0.0,0.0,0.0,0.0,"0.0000,0.0000,0.9261,1.7484,0.0000,0.0000,0.0000,0.9261,1.7484,0.0000","0.0000,0.0000,0.9261,1.7484,0.0000,0.0000,0.0000,0.9261,1.7484,0.0000",0.0,0.0,0.0,0.0,0.0,0.0,0.0,0.0,"0.0,0.0,2.049999952316284,-4.0,0.0,0.0,0.0,1.5999999046325684,-4.0,0.0","0.0,0.0,2.049999952316284,-4.0,0.0,0.0,0.0,1.5999999046325684,-4.0,0.0",0.0,0.0,False,False,False,False,False,False,False,False,"0.0000,0.0000,0.0000,0.0000,0.0000,0.0000,0.0000,0.0000,0.0000,0.0000","0.0000,0.0000,0.0000,0.0000,0.0000,0.0000,0.0000,0.0000,0.0000,0.0000",0.0,0.0,0,0
1,1,1,0.01,0.01,0.0,-0.01,0.4041118323802948,0.4041118323802948,0.4041118323802948,0.3941118419170379,False,True,0.4041108191013336,0.3977318704128265,True,False,True,False,True,False,True,False,True,True,double_contact,flight_or_no_contact,none,double_contact_to_flight_or_no_contact,0.01,0.01,46.22621536254883,0.0,46.88473510742188,0.0,93.11095157716872,0.0,0,0,-1.2619399237939756e-05,-0.0005663944537104,0.0003843643107758,-0.0177191002994546,2.5593164454837064e-05,1.13576751649765e-05,9.468842619432283e-05,8.405831790147187e-05,6.051732998457737e-05,0.00082570099039,"-0.0001,-0.0001,0.9283,1.7514,-0.0007,0.0001,0.0000,0.9281,1.7512,-0.0009","-0.0057,-0.0008,0.9365,1.8043,-0.0294,0.0056,0.0008,0.9361,1.8039,-0.0294",-0.0238454065984115,-2.86676037311554,0.0009947374928742,-2.86724853515625,-0.0486855506896972,-2.866272211074829,0.0005047759623266,0.0226557776331901,"0.05259609967470169,0.02682136744260788,0.7175551652908325,-8.0,1.2689638137817383,-0.0498092845082283,0.009591992013156414,0.39644157886505127,-8.0,1.2938039302825928","0.222579687833786,0.28222185373306274,-1.8037493228912354,-8.0,-4.0,-0.22046372294425964,-0.28087344765663147,-1.9827203750610352,-8.0,-4.0",0.0,0.0,False,False,False,False,False,True,False,True,"0.0000,0.0000,0.0000,0.0000,0.0000,0.0000,0.0000,0.0000,0.0000,0.0000","0.0000,0.0000,0.0000,0.0000,0.0000,0.0000,0.0000,0.0000,0.0000,0.0000",0.0,0.0,0,0
2,2,2,0.02,0.02,0.0,-0.01,0.4041118323802948,0.4041118323802948,0.4041118323802948,0.3941118419170379,False,True,0.4039095640182495,0.401378870010376,True,False,True,False,True,False,True,False,True,True,double_contact,flight_or_no_contact,none,none,0.02,0.02,42.1491813659668,0.0,43.1102294921875,0.0,85.25941061497977,0.0,0,0,-0.0002773084928115,-0.0033303250339797,0.0005222538147527,-0.0353809917734867,0.0001031867019516,4.954169681091109e-05,0.0003223656476213,0.000255569056444,0.0001945693802554,0.0018095739651471,"-0.0004,-0.0002,0.9305,1.7528,0.0070,0.0003,0.0000,0.9299,1.7524,0.0062","-0.0091,-0.0018,0.9378,1.8299,-0.0863,0.0090,0.0018,0.9366,1.8291,-0.0863",1.235780954360962,-7.567023992538452,1.26848042011261,-7.56728458404541,1.203081488609314,-7.566763401031494,0.0110923396423459,0.133212998509407,"0.09194280207157135,0.047019731253385544,1.2301242351531982,-8.334904670715332,-1.0967693328857422,-0.08640823513269424,0.0008422723039984703,0.9432439804077148,-8.423916816711426,-1.0640699863433838","0.15507179498672485,0.3290180265903473,2.1962506771087646,-12.0,-8.0,-0.15325939655303955,-0.33149048686027527,2.017279624938965,-12.0,-8.0",0.0,0.0,False,False,False,False,False,True,False,True,"0.0000,0.0000,0.0000,0.0000,0.0000,0.0000,0.0000,0.0000,0.0000,0.0000","0.0000,0.0000,0.0000,0.0000,0.0000,0.0000,0.0000,0.0000,0.0000,0.0000",0.0,0.0,0,0
3,3,3,0.03,0.03,0.0,-0.01,0.4041118323802948,0.4041118323802948,0.4041118323802948,0.3941118419170379,False,True,0.4038352966308594,0.404043585062027,True,False,True,False,True,False,True,False,True,True,double_contact,flight_or_no_contact,none,none,0.03,0.03,42.70516204833984,0.0,43.51123809814453,0.0,86.21639774490046,0.0,0,0,-0.000701297166448,-0.0084892108456163,0.0001835688257455,-0.0498370264298526,0.0002044875491984,9.671393093322904e-05,0.0006105860118802,0.0004575198405962,0.0003405118768569,0.0028712088242173,"-0.0006,-0.0003,0.9315,1.7532,0.0132,0.0003,-0.0000,0.9305,1.7528,0.0117","-0.0105,-0.0029,0.9360,1.8274,-0.2185,0.0104,0.0029,0.9341,1.8263,-0.2185",0.1619727686047554,-16.96111011505127,0.1941661983728408,-16.961191177368164,0.1297793388366699,-16.961029052734375,0.0280518867075443,0.3395684361457824,"0.1000412255525589,0.04952482879161835,1.6949450969696045,-8.065763473510742,-0.025113463401794434,-0.09233921766281128,0.013885322958230972,1.4407998323440552,-8.133915901184082,0.007079958915710449","0.08396188169717789,0.36357489228248596,2.1002025604248047,-8.0,-4.0,-0.08231997489929199,-0.36644986271858215,2.0355021953582764,-8.0,-4.0",0.0,0.0,False,False,False,False,False,False,False,False,"0.0000,0.0000,0.0000,0.0000,0.0000,0.0000,0.0000,0.0000,0.0000,0.0000","0.0000,0.0000,0.0000,0.0000,0.0000,0.0000,0.0000,0.0000,0.0000,0.0000",0.0,0.0,0,0
4,4,4,0.04,0.04,0.0,-0.01,0.4041118323802948,0.4041118323802948,0.4041118323802948,0.3941118419170379,False,True,0.4038395583629608,0.4057276546955108,True,False,True,False,True,False,True,False,True,True,double_contact,flight_or_no_contact,none,none,0.04,0.04,43.59031677246094,0.0,44.33489990234375,0.0,87.92521813002091,0.0,0,0,-0.0007996111348305,-0.0159624153130119,0.0006415894306194,-0.0593798311581823,0.0003174822260761,0.0001434731029349,0.0009302507634876,0.0006576079521467,0.0004851931589655,0.0037730282638221,"-0.0006,-0.0005,0.9326,1.7533,0.0155,0.0001,-0.0001,0.9312,1.7527,0.0134","-0.0104,-0.0037,0.9373,1.8076,-0.4145,0.0103,0.0038,0.9346,1.8063,-0.4145",0.2139719724655151,-21.34300994873047,0.2441350370645523,-21.343080520629883,0.1838089078664779,-21.34293937683105,0.031984444707632,0.6384966373443604,"0.10226766020059586,0.0501939095556736,1.268729329109192,-7.89906120300293,0.754031240940094,-0.09295075386762619,0.015267470851540565,1.031430721282959,-7.960104465484619,0.78419429063797","0.03618095442652702,0.2857212424278259,0.711513876914978,-4.0,0.0,-0.03525905683636665,-0.2912752628326416,0.6307735443115234,-4.0,0.0",0.0,0.0,False,False,False,False,False,False,False,False,"0.0000,0.0000,0.0000,0.0000,0.0000,0.0000,0.0000,0.0000,0.0000,0.0000","0.0000,0.0000,0.0000,0.0000,0.0000,0.0000,0.0000,0.0000,0.0000,0.0000",0.0,0.0,0,0
5,5,5,0.05,0.05,0.0,-0.01,0.4041118323802948,0.4041118323802948,0.4041118323802948,0.3941118419170379,False,True,0.4039369225502014,0.4064311981201172,True,False,True,False,True,False,True,False,True,True,double_contact,flight_or_no_contact,none,none,0.05,0.05,40.89168167114258,0.0,41.59923553466797,0.0,82.49091721909944,0.0,0,0,-0.0010448759753665,-0.0244214520538797,0.0012186304836348,-0.0668476650406692,0.0004305523346626,0.0001881325180091,0.0012647630916811,0.0008431014963586,0.000630717317108,0.0043106572702527,"-0.0006,-0.0006,0.9342,1.7529,0.0226,-0.0001,-0.0001,0.9324,1.7521,0.0199","-0.0099,-0.0043,0.9401,1.7829,-0.6248,0.0097,0.0043,0.9367,1.7816,-0.6248",0.988016277551651,-20.827791213989254,1.0164523124694824,-20.827850341796875,0.9595802426338196,-20.82773208618164,0.0417950376868248,0.9768580794334412,"0.11476556956768036,0.05360201373696327,1.092574119567871,-7.601649761199951,0.04215371608734131,-0.10420577973127365,0.013532387092709541,0.8672247529029846,-7.659636974334717,0.07058978080749512","0.028793280944228172,0.1750263273715973,0.4208730459213257,0.0,3.013866901397705,-0.028214385733008385,-0.17957612872123718,0.33884358406066895,0.0,3.013807535171509",0.0,0.0,False,False,False,False,False,False,False,False,"0.0000,0.0000,0.0000,0.0000,0.0000,0.0000,0.0000,0.0000,0.0000,0.0000","0.0000,0.0000,0.0000,0.0000,0.0000,0.0000,0.0000,0.0000,0.0000,0.0000",0.0,0.0,0,0
6,6,6,0.06,0.06,0.0,-0.01,0.4041118323802948,0.4041118323802948,0.4041118323802948,0.3941118419170379,False,True,0.4041152000427246,0.4061534404754638,True,False,True,False,True,False,True,False,True,True,double_contact,flight_or_no_contact,none,none,0.06,0.06,39.63106155395508,0.0,40.31615447998047,0.0,79.94721527190946,0.0,0,0,-0.0015260054620828,-0.0327421779160772,0.0014457747145967,-0.0743641362066026,0.0005416049044211,0.0002344349607818,0.0016055052977272,0.0010176351093693,0.0007722946465946,0.0044240136630833,"-0.0008,-0.0008,0.9357,1.7520,0.0329,-0.0002,-0.0002,0.9335,1.7512,0.0297","-0.0093,-0.0044,0.9437,1.7625,-0.8083,0.0092,0.0044,0.9397,1.7610,-0.8083",1.0212428271770475,-16.711912155151367,1.0482628345489502,-16.711931228637695,0.9942228198051452,-16.71189308166504,0.0610402189195156,1.3096871376037598,"0.1160874143242836,0.053733110427856445,1.2296823263168335,-7.424921035766602,-0.1706404834985733,-0.10457558184862137,0.0160316564142704,1.014126181602478,-7.480926036834717,-0.14362047612667084","0.034448008984327316,0.04915997385978699,-0.06519100069999695,0.5859355926513672,0.33192920684814453,-0.034141868352890015,-0.05246920883655548,-0.14413094520568848,0.5190625190734863,0.3319098949432373",0.0,0.0,False,False,False,False,False,False,False,False,"0.0000,0.0000,0.0000,0.0000,0.0000,0.0000,0.0000,0.0000,0.0000,0.0000","0.0000,0.0000,0.0000,0.0000,0.0000,0.0000,0.0000,0.0000,0.0000,0.0000",0.0,0.0,0,0
7,7,7,0.07,0.07,0.0,-0.01,0.4041118323802948,0.4041118323802948,0.4041118323802948,0.3941118419170379,False,True,0.4043197631835937,0.4048940539360046,True,False,True,False,True,False,True,False,True,True,double_contact,flight_or_no_contact,none,none,0.07,0.07,39.88857650756836,0.0,40.56589889526367,0.0,80.45447742623593,0.0,0,0,-0.0019875371290825,-0.0403787934168709,0.0016611695194984,-0.0829820508874082,0.0006491120079601,0.00028917434661,0.0019472396789739,0.0011773297958674,0.0009082043543457,0.0042481618002057,"-0.0008,-0.0009,0.9370,1.7511,0.0424,-0.0004,-0.0002,0.9343,1.7501,0.0387","-0.0089,-0.0042,0.9473,1.7485,-0.9707,0.0088,0.0042,0.9427,1.7470,-0.9707",0.8584977388381958,-15.922308444976808,0.8844472765922546,-15.92243194580078,0.832548201084137,-15.922184944152832,0.079501487314701,1.6151517629623413,"0.11292044818401337,0.05399032309651375,1.2128676176071167,-7.361732006072998,0.08713565766811371,-0.10068051517009735,0.018870357424020767,1.005653738975525,-7.4172258377075195,0.11308522522449493","0.05464890971779823,-0.009125273674726486,0.09674239158630371,-1.927140712738037,-1.5853513479232788,-0.054712358862161636,0.011628955602645874,0.03540836274623871,-1.939302921295166,-1.5854748487472534",0.0,0.0,False,False,False,False,False,False,False,False,"0.0000,0.0000,0.0000,0.0000,0.0000,0.0000,0.0000,0.0000,0.0000,0.0000","0.0000,0.0000,0.0000,0.0000,0.0000,0.0000,0.0000,0.0000,0.0000,0.0000",0.0,0.0,0,0
8,8,8,0.08,0.08,0.0,-0.01,0.4041118323802948,0.4041118323802948,0.4041118323802948,0.3941118419170379,False,True,0.4045327007770538,0.4029961228370666,True,False,True,False,True,False,True,True,True,True,double_contact,flight_or_no_contact,none,none,0.08,0.08,39.59129333496094,0.0,40.27009582519531,77.16383361816406,79.86138574180885,77.16383068225208,0,0,-0.0024167042819424,-0.0439723882449251,0.0019516017363136,-0.0909924373433171,0.000751580884537,0.0005592892096799,0.0022871113294847,0.0012394251219098,0.0010424911743029,0.0046470314264297,"-0.0008,-0.0010,0.9384,1.7500,0.0518,-0.0006,-0.0003,0.9353,1.7490,0.0476","-0.0085,-0.0046,0.9457,1.7503,-1.1233,0.0077,0.0046,0.9391,1.7527,-1.1188",0.9546530842781068,-14.325571060180664,0.979906439781189,-14.821215629577637,0.9293997287750244,-13.829926490783691,0.0966681689023971,1.7588955163955688,"0.11304667592048645,0.05595533922314644,1.124613881111145,-7.289417743682861,0.06131061539053917,-0.10022928565740585,0.019730104133486748,0.9246048331260681,-7.346432209014893,0.08656397461891174","0.4777211844921112,0.347933292388916,3.2103755474090576,-5.927140712738037,-0.6630415916442871,-0.4300227165222168,-0.3164067268371582,4.0354084968566895,-5.939302921295166,-1.1586860418319702",0.0,0.0,False,False,False,False,False,False,False,False,"0.0000,0.0000,0.0000,0.0000,0.0000,0.0000,0.0000,0.0000,0.0000,0.0000","0.0000,0.0000,0.0000,0.0000,0.0000,0.0000,0.0000,0.0000,0.0000,0.0000",0.0,0.0,0,0
9,9,9,0.09,0.09,0.0,-0.01,0.4041118323802948,0.4041118323802948,0.4041118323802948,0.3941118419170379,False,True,0.4047551155090332,0.4008370339870453,True,False,True,True,True,True,True,True,True,True,double_contact,right_only,none,flight_or_no_contact_to_right_only,0.09,0.01,39.09442138671875,61.50994110107422,39.77812576293945,60.50822067260742,78.87254944552879,122.01816235771636,0,0,-0.0028853387265767,-0.0413638214844348,0.0021645357587505,-0.0921078395921607,0.0008480361496848,0.0003525905753739,0.0026237961391804,0.000362921241566,0.0011756710009649,0.0057004755362868,"-0.0008,-0.0012,0.9397,1.7489,0.0620,-0.0009,-0.0003,0.9362,1.7478,0.0572","-0.0063,-0.0053,0.9419,1.7633,-1.2599,0.0051,0.0057,0.9365,1.7630,-1.2609",1.0161777436733246,-13.504404067993164,1.040916919708252,-13.343521118164062,0.9914385676383972,-13.665287017822266,0.1154135465621948,1.6545528173446655,"0.11243381351232529,0.057463616132736206,1.1186420917510986,-7.221092224121094,-0.06369827687740326,-0.09914173930883408,0.020301837474107742,0.9253572225570679,-7.280362129211426,-0.038959115743637085","-0.11985340714454651,0.3381815254688263,2.400804042816162,-9.927141189575195,3.336958408355713,0.15269005298614502,-0.26010584831237793,2.010713577270508,-9.939302444458008,2.8413138389587402",0.0,0.0,False,False,False,False,False,False,False,False,"0.0000,0.0000,0.0000,0.0000,0.0000,0.0000,0.0000,0.0000,0.0000,0.0000","0.0000,0.0000,0.0000,0.0000,0.0000,0.0000,0.0000,0.0000,0.0000,0.0000",0.0,0.0,0,0
10,10,10,0.1,0.1,0.0,-0.01,0.4041118323802948,0.4041118323802948,0.4041118323802948,0.3941118419170379,False,True,0.4049777090549469,0.3986429274082184,True,True,True,True,True,True,True,True,True,True,double_contact,double_contact,none,right_only_to_double_contact,0.0999999999999999,0.01,39.02059173583984,77.47859191894531,39.711063385009766,78.56104278564453,78.73165329846181,156.03963125994073,0,0,-0.0033614404828533,-0.0364228372217214,0.0023026569546312,-0.0881967101888782,0.0009376862004529,0.00019507511037,0.0029565388847615,-0.0003770259610591,0.0013054159935563,0.0059790764935314,"-0.0008,-0.0013,0.9409,1.7478,0.0720,-0.0011,-0.0004,0.9371,1.7466,0.0668","-0.0038,-0.0053,0.9407,1.7764,-1.3615,0.0021,0.0060,0.9349,1.7767,-1.3702",0.9546124935150146,-8.974456787109375,0.978917360305786,-8.483687400817871,0.9303076267242432,-9.46522617340088,0.1344576179981231,1.4569134712219238,"0.10939162969589233,0.05803817883133888,1.1253890991210938,-7.186822891235352,-0.05038176104426384,-0.09570388495922089,0.020989276468753815,0.9385862350463867,-7.248639106750488,-0.026076894253492355","-0.14772886037826538,0.06778848171234131,1.4289125204086304,-13.927141189575195,4.162238121032715,0.16518422961235046,-0.17099519073963165,1.4595820903778076,-13.939302444458008,4.653007507324219",0.0,0.0,False,False,False,False,False,False,False,False,"0.0000,0.0000,0.0000,0.0000,0.0000,0.0000,0.0000,0.0000,0.0000,0.0000","0.0000,0.0000,0.0000,0.0000,0.0000,0.0000,0.0000,0.0000,0.0000,0.0000",0.0,0.0,0,0
11,11,11,0.11,0.11,0.0,-0.01,0.4041118323802948,0.4041118323802948,0.4041118323802948,0.3941118419170379,False,True,0.4051919877529144,0.3971563875675201,True,True,True,True,True,True,True,True,True,True,double_contact,double_contact,none,none,0.1099999999999999,0.02,39.0373649597168,59.97027206420898,39.73458099365234,62.28907775878906,78.7719471724139,122.25934977137098,0,0,-0.0038111261838646,-0.0329690843188095,0.0024250336593042,-0.0851186186391101,0.001020070127538,9.03746819515902e-05,0.0032850810998761,-0.0011037340505958,0.0014306404627859,0.0062185111455619,"-0.0008,-0.0014,0.9421,1.7468,0.0815,-0.0013,-0.0004,0.9379,1.7455,0.0758","-0.0026,-0.0054,0.9416,1.7844,-1.4175,0.0007,0.0062,0.9354,1.7848,-1.4330",0.9113245904445648,-3.945134401321411,0.9352760910987854,-3.704972267150879,0.8873730897903442,-4.185296535491943,0.1524450480937957,1.3187633752822876,"0.10630165040493011,0.058449238538742065,1.1018967628479004,-7.164731025695801,-0.02638198435306549,-0.09227274358272552,0.020961450412869453,0.9214450120925903,-7.229445934295654,-0.0024304836988449097","-0.014867410063743591,0.11453010141849518,1.1193876266479492,-12.015918731689453,0.16223812103271484,0.025655239820480347,-0.15148195624351501,0.9274663925170898,-12.206684112548828,0.6530075073242188",0.0,0.0,False,False,False,False,False,False,False,False,"0.0000,0.0000,0.0000,0.0000,0.0000,0.0000,0.0000,0.0000,0.0000,0.0000","0.0000,0.0000,0.0000,0.0000,0.0000,0.0000,0.0000,0.0000,0.0000,0.0000",0.0,0.0,0,0
12,12,12,0.12,0.12,0.0,-0.01,0.4041118323802948,0.4041118323802948,0.4041118323802948,0.3941118419170379,False,True,0.4053969979286194,0.3964816331863403,True,True,True,True,True,True,True,True,True,True,double_contact,double_contact,none,none,0.1199999999999999,0.03,38.95343399047852,49.932159423828125,39.654518127441406,51.00225067138672,78.60795124272434,100.93440778491816,0,0,-0.0042440898112413,-0.0311218624337385,0.0025207562349423,-0.0835300576618953,0.0010952501327125,0.0001228147272083,0.0036094806243646,-0.0017532370413543,0.0015508126234635,0.006293564569205,"-0.0008,-0.0016,0.9433,1.7458,0.0908,-0.0016,-0.0005,0.9387,1.7444,0.0846","-0.0023,-0.0056,0.9415,1.7881,-1.4514,0.0003,0.0063,0.9354,1.7884,-1.4689",0.8934073746204376,-3.1798641681671143,0.9170443415641784,-3.1662166118621826,0.8697704076766968,-3.193511724472046,0.1697635948657989,1.2448744773864746,"0.10377722233533859,0.058652423322200775,1.0832300186157227,-7.142225742340088,-0.052923765033483505,-0.08944245427846909,0.020304221659898758,0.9091784954071045,-7.2097697257995605,-0.02928679808974266","0.11705099046230316,0.1491384208202362,1.8818703889846802,-10.496188163757324,-1.1906336545944214,-0.10886630415916443,-0.09754738211631775,1.5161206722259521,-10.568775177001953,-1.1769862174987793",0.0,0.0,False,False,False,False,False,False,False,False,"0.0000,0.0000,0.0000,0.0000,0.0000,0.0000,0.0000,0.0000,0.0000,0.0000","0.0000,0.0000,0.0000,0.0000,0.0000,0.0000,0.0000,0.0000,0.0000,0.0000",0.0,0.0,0,0
13,13,13,0.13,0.13,0.0,-0.01,0.4041118323802948,0.4041118323802948,0.4041118323802948,0.3941118419170379,False,True,0.4055922925472259,0.3962522745132446,True,True,True,True,True,True,True,True,True,True,double_contact,double_contact,none,none,0.1299999999999999,0.04,38.91283416748047,50.0762939453125,39.61433792114258,50.90665054321289,78.52717277926874,100.98294487377449,0,0,-0.0046633123438974,-0.0293138741315502,0.0025748147012967,-0.0812902217622339,0.0011636877440747,0.000251078134412,0.003929796160092,-0.0022265574849582,0.0016650832258164,0.00626189308241,"-0.0008,-0.0017,0.9443,1.7448,0.0997,-0.0018,-0.0005,0.9394,1.7434,0.0930","-0.0020,-0.0058,0.9409,1.7895,-1.4879,-0.0002,0.0063,0.9349,1.7896,-1.5061",0.8506892919540405,-4.0056174993515015,0.8739957809448242,-3.9657161235809326,0.8273828029632568,-4.04551887512207,0.1865324974060058,1.1725549697875977,"0.10120084881782532,0.058563098311424255,1.0766630172729492,-7.126242637634277,-0.06918016076087952,-0.08658059686422348,0.019391974434256554,0.9091452360153198,-7.1961140632629395,-0.04587366804480553","0.1404830366373062,0.15324226021766663,1.846384048461914,-9.845870971679688,0.5903136730194092,-0.13105900585651398,-0.07970355451107025,1.5653289556503296,-9.889484405517578,0.6302151679992676",0.0,0.0,False,False,False,False,False,False,False,False,"0.0000,0.0000,0.0000,0.0000,0.0000,0.0000,0.0000,0.0000,0.0000,0.0000","0.0000,0.0000,0.0000,0.0000,0.0000,0.0000,0.0000,0.0000,0.0000,0.0000",0.0,0.0,0,0
14,14,14,0.14,0.14,0.0,-0.01,0.4041118323802948,0.4041118323802948,0.4041118323802948,0.3941118419170379,False,True,0.4057762026786804,0.3962941765785217,True,True,True,True,True,True,True,True,True,True,double_contact,double_contact,none,none,0.1399999999999999,0.05,38.93768310546875,46.95325469970703,39.63558578491211,47.64958572387695,78.57326706570564,94.60284082986244,0,0,-0.0050588062599856,-0.0273749983112223,0.0025999265663298,-0.0779684130467154,0.0012259888353202,0.0004034473900798,0.0042459165945694,-0.0025342106679915,0.0017734771827235,0.0062211989425122,"-0.0008,-0.0018,0.9454,1.7439,0.1081,-0.0021,-0.0005,0.9401,1.7424,0.1010","-0.0015,-0.0060,0.9412,1.7895,-1.5217,-0.0008,0.0062,0.9352,1.7894,-1.5407",0.7951643764972687,-3.050443530082702,0.8181291222572327,-3.005932569503784,0.7721996307373047,-3.094954490661621,0.2023522555828094,1.09499990940094,"0.09880667179822922,0.058383069932460785,1.0669889450073242,-7.116631984710693,-0.0669192522764206,-0.083918496966362,0.018248122185468674,0.9060598015785217,-7.188453674316406,-0.0439545102417469","0.13832814991474152,0.14847128093242645,1.2455824613571167,-9.102314949035645,0.6139874458312988,-0.12888377904891968,-0.08240748196840286,1.0101045370101929,-9.14399528503418,0.6584984064102173",0.0,0.0,False,False,False,False,False,False,False,False,"0.0000,0.0000,0.0000,0.0000,0.0000,0.0000,0.0000,0.0000,0.0000,0.0000","0.0000,0.0000,0.0000,0.0000,0.0000,0.0000,0.0000,0.0000,0.0000,0.0000",0.0,0.0,0,0
15,15,15,0.15,0.15,0.0,-0.01,0.4041118323802948,0.4041118323802948,0.4041118323802948,0.3941118419170379,False,True,0.4059483408927917,0.3965770006179809,True,True,True,True,True,True,True,True,True,True,double_contact,double_contact,none,none,0.15,0.06,38.95721054077149,42.423789978027344,39.64713668823242,42.99151992797852,78.60434345005378,85.41531014723968,0,0,-0.0054273875726257,-0.0258394748564639,0.002604294206445,-0.0747332679361868,0.0012829961453704,0.0005586133074594,0.0045578018219743,-0.0027126227954115,0.0018758318619802,0.0061887768097221,"-0.0008,-0.0019,0.9463,1.7430,0.1160,-0.0023,-0.0006,0.9408,1.7415,0.1084","-0.0011,-0.0062,0.9421,1.7882,-1.5466,-0.0013,0.0062,0.9360,1.7879,-1.5665",0.7450849115848541,-2.189043641090393,0.7676936388015747,-2.1465718746185303,0.7224761843681335,-2.231515407562256,0.2170955091714859,1.0335789918899536,"0.0970211774110794,0.058098211884498596,1.054552674293518,-7.108749866485596,-0.07132566720247269,-0.08188103884458542,0.0168783999979496,0.9003432393074036,-7.181978225708008,-0.048716943711042404","0.14059582352638245,0.14123913645744324,1.1759847402572632,-8.44421100616455,-0.2843073606491089,-0.13150307536125183,-0.08459906280040741,0.9726424217224121,-8.484429359436035,-0.2418355941772461",0.0,0.0,False,False,False,False,False,False,False,False,"0.0000,0.0000,0.0000,0.0000,0.0000,0.0000,0.0000,0.0000,0.0000,0.0000","0.0000,0.0000,0.0000,0.0000,0.0000,0.0000,0.0000,0.0000,0.0000,0.0000",0.0,0.0,0,0
16,16,16,0.16,0.16,0.0,-0.01,0.4041118323802948,0.4041118323802948,0.4041118323802948,0.3941118419170379,False,True,0.4061091840267181,0.3970085680484772,True,True,True,True,True,True,True,True,True,True,double_contact,double_contact,none,none,0.16,0.07,38.971099853515625,41.02241134643555,39.64887619018555,41.46479797363281,78.61997699008771,82.48720630110212,0,0,-0.0057701096530619,-0.0245323175511893,0.0025867695883623,-0.0717693900435653,0.0013356476319175,0.0007132839190244,0.0048652983452505,-0.0027855623299629,0.0019721523858606,0.0063047329895198,"-0.0008,-0.0020,0.9473,1.7422,0.1233,-0.0025,-0.0006,0.9414,1.7406,0.1153","-0.0007,-0.0063,0.9429,1.7861,-1.5686,-0.0018,0.0062,0.9366,1.7856,-1.5893",0.6933224499225616,-2.273834228515625,0.7155529856681824,-2.236029148101806,0.6710919141769409,-2.311639308929444,0.2308043837547302,0.981292724609375,"0.09581255167722702,0.0577559620141983,1.0447754859924316,-7.102222442626953,-0.08022832870483398,-0.08042984455823898,0.015463600866496563,0.8973916172981262,-7.17622184753418,-0.05799778923392296","0.13765405118465424,0.13350018858909607,1.2762585878372192,-8.116888046264648,-0.27989721298217773,-0.1290135681629181,-0.08583352714776993,1.1010154485702515,-8.150087356567383,-0.24209213256835938",0.0,0.0,False,False,False,False,False,False,False,False,"0.0000,0.0000,0.0000,0.0000,0.0000,0.0000,0.0000,0.0000,0.0000,0.0000","0.0000,0.0000,0.0000,0.0000,0.0000,0.0000,0.0000,0.0000,0.0000,0.0000",0.0,0.0,0,0
17,17,17,0.17,0.17,0.0,-0.01,0.4041118323802948,0.4041118323802948,0.4041118323802948,0.3941118419170379,False,True,0.4062591195106506,0.3975017666816711,True,True,True,True,True,True,True,True,True,True,double_contact,double_contact,none,none,0.17,0.08,38.99977111816406,40.69893646240234,39.66231155395508,41.03426361083984,78.6620872539008,81.73319718227587,0,0,-0.0060851518032373,-0.0231719082319541,0.002549904437047,-0.068695699798518,0.0013848694550756,0.0008655189617707,0.0051681127392132,-0.0027711059445958,0.0020626559853553,0.0064181429333984,"-0.0008,-0.0021,0.9482,1.7414,0.1301,-0.0028,-0.0006,0.9420,1.7398,0.1217","-0.0002,-0.0064,0.9437,1.7837,-1.5915,-0.0024,0.0061,0.9371,1.7830,-1.6128",0.6356196701526642,-2.351597547531128,0.6574535369873047,-2.3185627460479736,0.6137858033180237,-2.3846323490142822,0.2434060722589492,0.9268763065338136,"0.09506281465291977,0.05741953104734421,1.0361979007720947,-7.097855567932129,-0.08494117856025696,-0.07944420725107193,0.014140434563159943,0.8956596851348877,-7.172042369842529,-0.06310731172561646","0.1337203085422516,0.1274171620607376,1.1830921173095703,-7.917888164520264,-0.05648340284824371,-0.12550939619541168,-0.08852311968803406,1.032428503036499,-7.94490385055542,-0.023448601365089417",0.0,0.0,False,False,False,False,False,False,False,False,"0.0000,0.0000,0.0000,0.0000,0.0000,0.0000,0.0000,0.0000,0.0000,0.0000","0.0000,0.0000,0.0000,0.0000,0.0000,0.0000,0.0000,0.0000,0.0000,0.0000",0.0,0.0,0,0
18,18,18,0.18,0.18,0.0,-0.01,0.4041118323802948,0.4041118323802948,0.4041118323802948,0.3941118419170379,False,True,0.4063984453678131,0.3980289995670318,True,True,True,True,True,True,True,True,True,True,double_contact,double_contact,none,none,0.18,0.09,39.0344123840332,39.80054473876953,39.68133163452149,40.036434173583984,78.71574449392726,79.83697914669338,0,0,-0.0063701814859616,-0.0217958659132218,0.0024987973601285,-0.0655674187442629,0.0014314746202832,0.0010146069167856,0.0054658605463282,-0.0026831197335198,0.0021478522103279,0.0065090935677289,"-0.0007,-0.0021,0.9490,1.7407,0.1363,-0.0030,-0.0006,0.9425,1.7391,0.1274","0.0003,-0.0065,0.9446,1.7811,-1.6139,-0.0029,0.0061,0.9378,1.7802,-1.6359",0.5762814879417419,-2.2230217456817627,0.5977150797843933,-2.194199800491333,0.5548478960990906,-2.2518436908721924,0.2548072636127472,0.8718346357345581,"0.09474048018455505,0.05719242990016937,1.027084231376648,-7.094790935516357,-0.08835230022668839,-0.0788908451795578,0.01296920608729124,0.893314003944397,-7.168749809265137,-0.06691870838403702","0.13323384523391724,0.12248728424310684,1.0887802839279175,-7.725351333618164,-0.1743672639131546,-0.12538062036037445,-0.09165012091398239,0.9601737260818481,-7.747493743896484,-0.14554531872272491",0.0,0.0,False,False,False,False,False,False,False,False,"0.0000,0.0000,0.0000,0.0000,0.0000,0.0000,0.0000,0.0000,0.0000,0.0000","0.0000,0.0000,0.0000,0.0000,0.0000,0.0000,0.0000,0.0000,0.0000,0.0000",0.0,0.0,0,0
19,19,19,0.19,0.19,0.0,-0.01,0.4041118323802948,0.4041118323802948,0.4041118323802948,0.3941118419170379,False,True,0.4065277278423309,0.398575484752655,True,True,True,True,True,True,True,True,True,True,double_contact,double_contact,none,none,0.19,0.0999999999999999,39.06675720214844,39.15208053588867,39.6928596496582,39.29166412353516,78.75962146255979,78.44374254189597,0,0,-0.0066243786426997,-0.0204458785516365,0.0024364249494162,-0.062544254983201,0.0014761238250706,0.0011605463361593,0.005758278379704,-0.0025333442362142,0.0022284635342657,0.0065796193666756,"-0.0007,-0.0022,0.9498,1.7400,0.1419,-0.0033,-0.0006,0.9430,1.7384,0.1326","0.0008,-0.0066,0.9456,1.7784,-1.6359,-0.0035,0.0061,0.9385,1.7774,-1.6584",0.5164320021867752,-2.2329468727111816,0.5375068783760071,-2.207979679107666,0.4953571259975433,-2.2579140663146973,0.2649751603603363,0.8178351521492004,"0.0947873592376709,0.05712782219052315,1.0183240175247192,-7.0922770500183105,-0.09324291348457336,-0.07874719798564911,0.011954905465245247,0.8911505937576294,-7.165815830230713,-0.07216803729534149","0.13347359001636505,0.11765744537115097,1.0827467441558838,-7.589310646057129,-0.2834553122520447,-0.12591761350631714,-0.09422744810581207,0.9746897220611572,-7.605705261230469,-0.25848811864852905",0.0,0.0,False,False,False,False,False,False,False,False,"0.0000,0.0000,0.0000,0.0000,0.0000,0.0000,0.0000,0.0000,0.0000,0.0000","0.0000,0.0000,0.0000,0.0000,0.0000,0.0000,0.0000,0.0000,0.0000,0.0000",0.0,0.0,0,0
20,20,20,0.2,0.2,0.0,-0.01,0.4041118323802948,0.4041118323802948,0.4041118323802948,0.3941118419170379,False,True,0.4066476821899414,0.3991198241710663,True,True,True,True,True,True,True,True,True,True,double_contact,double_contact,none,none,0.2,0.1099999999999999,39.11146926879883,39.03232192993164,39.57625198364258,39.08295440673828,78.68771984470354,78.11527690912877,0,0,-0.0068471081097522,-0.0190626135955477,0.0023649913782188,-0.0595912967806222,0.0015193548215059,0.0013029903932966,0.0060466178972921,-0.0023323386617389,0.0023051933385431,0.0066315103322267,"-0.0007,-0.0023,0.9506,1.7394,0.1469,-0.0035,-0.0006,0.9435,1.7378,0.1372","0.0012,-0.0066,0.9465,1.7757,-1.6588,-0.0040,0.0062,0.9390,1.7745,-1.6817",0.4545659720897674,-2.356847167015076,0.4753002226352691,-2.3353404998779297,0.4338317215442657,-2.3783538341522217,0.2738843262195587,0.762504518032074,"0.09509249776601791,0.05719757825136185,1.0101670026779175,-7.0903778076171875,-0.09793589264154434,-0.07900771498680115,0.011010563001036644,0.8899972438812256,-7.1632304191589355,-0.07720164209604263","0.13300487399101257,0.11298386007547379,1.0716499090194702,-7.512571811676025,-0.2521500885486603,-0.12569642066955566,-0.09661462157964706,0.982679545879364,-7.522762775421143,-0.23064342141151428",0.0,0.0,False,False,False,False,False,False,False,False,"0.0000,0.0000,0.0000,0.0000,0.0000,0.0000,0.0000,0.0000,0.0000,0.0000","0.0000,0.0000,0.0000,0.0000,0.0000,0.0000,0.0000,0.0000,0.0000,0.0000",0.0,0.0,0,0
21,21,21,0.21,0.21,0.0,-0.01,0.4041118323802948,0.4041118323802948,0.4041118323802948,0.3941118419170379,False,True,0.4067588448524475,0.3996492326259613,True,True,True,True,True,True,True,True,True,True,double_contact,double_contact,none,none,0.21,0.1199999999999999,39.149513244628906,38.96479034423828,39.698204040527344,38.93391036987305,78.8477175217488,77.89870237945425,0,0,-0.0070371675974734,-0.0176169650537223,0.0022878571824474,-0.0566639402760511,0.0015618887688787,0.0014415373266468,0.0063343885489596,-0.0020893187118769,0.0023790455888956,0.0066668195649981,"-0.0006,-0.0024,0.9513,1.7388,0.1513,-0.0037,-0.0006,0.9440,1.7372,0.1412","0.0017,-0.0067,0.9475,1.7731,-1.6827,-0.0045,0.0062,0.9396,1.7717,-1.7061",0.3909472227096557,-2.450727105140686,0.4112806022167206,-2.432189702987671,0.3706138432025909,-2.469264507293701,0.2814866900444031,0.7046785950660706,"0.09705549478530884,0.05804013833403587,1.000798225402832,-7.089620590209961,-0.1007343977689743,-0.08144477009773254,0.006447871681302786,0.8909556865692139,-7.156094074249268,-0.08040101826190948","0.13291481137275696,0.10873337090015411,1.037351131439209,-7.453885078430176,-0.24000881612300873,-0.12580253183841705,-0.09908133745193481,0.9659153819084167,-7.458277702331543,-0.2214714139699936",0.0,0.0,False,False,False,False,False,False,False,False,"0.0000,0.0000,0.0000,0.0000,0.0000,0.0000,0.0000,0.0000,0.0000,0.0000","0.0000,0.0000,0.0000,0.0000,0.0000,0.0000,0.0000,0.0000,0.0000,0.0000",0.0,0.0,0,0
22,22,22,0.22,0.22,0.0,-0.01,0.4041118323802948,0.4041118323802948,0.4041118323802948,0.3941118419170379,False,True,0.4068615138530731,0.4001600742340088,True,True,True,True,True,True,True,True,True,True,double_contact,double_contact,none,none,0.22,0.1299999999999999,39.18926239013672,38.856964111328125,39.70923614501953,38.74941635131836,78.89850042026958,77.60638096967928,0,0,-0.0071942764257129,-0.0161196783975107,0.0022082663691861,-0.0537855510456292,0.0016069671874094,0.0015760657571094,0.0066315846111105,-0.0018122578048927,0.0024554813280701,0.0066871978342533,"-0.0005,-0.0025,0.9520,1.7383,0.1550,-0.0040,-0.0006,0.9444,1.7366,0.1445","0.0022,-0.0067,0.9484,1.7706,-1.7076,-0.0050,0.0062,0.9402,1.7690,-1.7313",0.3271877467632293,-2.5365837812423706,0.3469052612781524,-2.520604372024536,0.3074702322483063,-2.552563190460205,0.2877710461616516,0.6447871327400208,"0.09955023974180222,0.059897664934396744,0.9906256198883057,-7.089282035827637,-0.10520756244659424,-0.0845738872885704,0.00533636286854744,0.8903412818908691,-7.158246994018555,-0.08549004793167114","0.13339412212371826,0.10474148392677307,1.0155380964279175,-7.404722213745117,-0.2682012617588043,-0.12643152475357056,-0.10140480101108551,0.960301399230957,-7.403414726257324,-0.25222185254096985",0.0,0.0,False,False,False,False,False,False,False,False,"0.0000,0.0000,0.0000,0.0000,0.0000,0.0000,0.0000,0.0000,0.0000,0.0000","0.0000,0.0000,0.0000,0.0000,0.0000,0.0000,0.0000,0.0000,0.0000,0.0000",0.0,0.0,0,0
23,23,23,0.23,0.23,0.0,-0.01,0.4041118323802948,0.4041118323802948,0.4041118323802948,0.3941118419170379,False,True,0.4069566130638122,0.4006492793560028,True,True,True,True,True,True,True,True,True,True,double_contact,double_contact,none,none,0.23,0.1399999999999999,39.40109252929688,38.84674072265625,39.70867919921875,38.6670150756836,79.1097697347594,77.5137546717875,0,0,-0.0073172479420732,-0.0145684574765858,0.002127009843487,-0.0509662960386905,0.0016510815110824,0.0017065319457263,0.0069382166916878,-0.0015082019579314,0.0025301303248852,0.006693803705275,"-0.0005,-0.0025,0.9527,1.7378,0.1581,-0.0042,-0.0006,0.9448,1.7361,0.1472","0.0026,-0.0067,0.9493,1.7682,-1.7335,-0.0055,0.0062,0.9407,1.7665,-1.7575",0.2617057487368583,-2.653063535690308,0.2804504930973053,-2.639320135116577,0.2429610043764114,-2.666806936264038,0.2926899194717407,0.5827382802963257,"0.09862641990184784,0.059796616435050964,0.9823758602142334,-7.087702751159668,-0.10998285561800003,-0.08401119709014893,0.004229839891195297,0.8920513987541199,-7.157373428344727,-0.0912381112575531","0.1338948756456375,0.10082289576530457,1.0044587850570679,-7.371219635009766,-0.27607694268226624,-0.1270444542169571,-0.10346385091543198,0.9642518162727356,-7.364042282104492,-0.26233354210853577",0.0,0.0,False,False,False,False,False,False,False,False,"0.0000,0.0000,0.0000,0.0000,0.0000,0.0000,0.0000,0.0000,0.0000,0.0000","0.0000,0.0000,0.0000,0.0000,0.0000,0.0000,0.0000,0.0000,0.0000,0.0000",0.0,0.0,0,0
24,24,24,0.24,0.24,0.0,-0.01,0.4041118323802948,0.4041118323802948,0.4041118323802948,0.3941118419170379,False,True,0.4070445895195007,0.4011141359806061,True,True,True,True,True,True,True,True,True,True,double_contact,double_contact,none,none,0.24,0.15,39.285911560058594,38.903839111328125,39.71856689453125,38.656681060791016,79.0044775543997,77.56051966262169,0,0,-0.0074046197789679,-0.012952846817092,0.0020484904753536,-0.0481914343232885,0.0016916867123837,0.0018328558726686,0.007255254715606,-0.0011833781964371,0.0026013390161097,0.0066876374185085,"-0.0004,-0.0026,0.9534,1.7373,0.1605,-0.0044,-0.0006,0.9451,1.7356,0.1492","0.0031,-0.0067,0.9501,1.7660,-1.7607,-0.0060,0.0063,0.9411,1.7640,-1.7849",0.1940399929881096,-2.777497410774231,0.2118986248970031,-2.765687704086304,0.176181361079216,-2.789307117462158,0.296184778213501,0.5181138515472412,"0.0956505760550499,0.05929773300886154,0.9734891653060913,-7.086447238922119,-0.11147258430719376,-0.0815972089767456,0.0016716723330318928,0.8936712741851807,-7.1570844650268555,-0.09361395239830017","0.13436943292617798,0.09699714928865433,0.9901711940765381,-7.347964286804199,-0.2689577341079712,-0.1275985985994339,-0.1053360104560852,0.9638583064079285,-7.334909439086914,-0.25714802742004395",0.0,0.0,False,False,False,False,False,False,False,False,"0.0000,0.0000,0.0000,0.0000,0.0000,0.0000,0.0000,0.0000,0.0000,0.0000","0.0000,0.0000,0.0000,0.0000,0.0000,0.0000,0.0000,0.0000,0.0000,0.0000",0.0,0.0,0,0
25,25,25,0.25,0.25,0.0,-0.01,0.4041118323802948,0.4041118323802948,0.4041118323802948,0.3941118419170379,False,True,0.4071258306503296,0.401554137468338,True,True,True,True,True,True,True,True,True,True,double_contact,double_contact,none,none,0.25,0.16,39.29769515991211,38.95698928833008,39.721588134765625,38.64654922485352,79.0192839650446,77.60353687636983,0,0,-0.0074550017793602,-0.0112716270812247,0.0019770955317149,-0.0454544819396336,0.0017267017409601,0.0019550035933979,0.0075956906158723,-0.0008432220373636,0.002670768648386,0.0066696442663669,"-0.0002,-0.0027,0.9540,1.7369,0.1622,-0.0046,-0.0006,0.9454,1.7352,0.1506","0.0036,-0.0067,0.9509,1.7638,-1.7890,-0.0065,0.0063,0.9416,1.7617,-1.8135",0.1277193613350391,-2.8949153423309326,0.1449746191501617,-2.884760618209839,0.1104641035199165,-2.9050700664520264,0.2982000708580017,0.450865089893341,"0.09021879732608795,0.059186674654483795,0.9629437923431396,-7.083077430725098,-0.11318794637918472,-0.07773666828870773,-0.003040897659957409,0.896353006362915,-7.157014846801758,-0.09593268483877182","0.13496676087379456,0.09328269213438034,0.9751745462417603,-7.328623294830322,-0.26931172609329224,-0.12824605405330658,-0.10704924166202545,0.9616891741752625,-7.309762954711914,-0.2591570019721985",0.0,0.0,False,False,False,False,False,False,False,False,"0.0000,0.0000,0.0000,0.0000,0.0000,0.0000,0.0000,0.0000,0.0000,0.0000","0.0000,0.0000,0.0000,0.0000,0.0000,0.0000,0.0000,0.0000,0.0000,0.0000",0.0,0.0,0,0
26,26,26,0.26,0.26,0.0,-0.01,0.4041118323802948,0.4041118323802948,0.4041118323802948,0.3941118419170379,False,True,0.407201200723648,0.401969850063324,True,True,True,True,True,True,True,True,True,True,double_contact,double_contact,none,none,0.26,0.17,39.34146499633789,39.013031005859375,39.70417022705078,38.64280319213867,79.04563339285735,77.65583596843297,0,0,-0.0074691955179244,-0.0095268585972513,0.0019114702971209,-0.0427559203711492,0.0017583007847557,0.0020730017927397,0.0079660714324935,-0.0004924766033965,0.0027272149454802,0.0066406214609742,"-0.0001,-0.0027,0.9546,1.7365,0.1633,-0.0048,-0.0005,0.9457,1.7347,0.1513","0.0041,-0.0066,0.9517,1.7618,-1.8186,-0.0070,0.0063,0.9420,1.7595,-1.8432",0.0614781863987445,-3.013010859489441,0.0768864601850509,-3.0042765140533447,0.0460699126124382,-3.021745204925537,0.2987678349018097,0.3810743391513824,"0.0885293036699295,0.05645492672920227,0.9502488374710083,-7.083128452301025,-0.11786263436079025,-0.07707095146179199,-0.006647438742220402,0.9010080695152283,-7.15569543838501,-0.10245435684919357","0.135627880692482,0.08962470293045044,0.9635871648788452,-7.312854766845703,-0.27173346281051636,-0.12893187999725342,-0.10856542736291885,0.9619561433792114,-7.2881693840026855,-0.26299911737442017",0.0,0.0,False,False,False,False,False,False,False,False,"0.0000,0.0000,0.0000,0.0000,0.0000,0.0000,0.0000,0.0000,0.0000,0.0000","0.0000,0.0000,0.0000,0.0000,0.0000,0.0000,0.0000,0.0000,0.0000,0.0000",0.0,0.0,0,0
27,27,27,0.27,0.27,0.0,-0.01,0.4041118323802948,0.4041118323802948,0.4041118323802948,0.3941118419170379,False,True,0.4072710275650024,0.4023618996143341,True,True,True,True,True,True,True,True,True,True,double_contact,double_contact,none,none,0.2700000000000001,0.18,39.38125991821289,39.08511734008789,39.691436767578125,38.65838623046875,79.07270012030193,77.74350620334016,0,0,-0.0074469698947691,-0.0077179952022084,0.0018533997463188,-0.0400916285634138,0.0017885537939197,0.0021868919287166,0.0083628054707795,-0.0001352897936119,0.0027735771145671,0.0066012190654873,"0.0001,-0.0028,0.9552,1.7361,0.1636,-0.0051,-0.0005,0.9460,1.7344,0.1513","0.0046,-0.0066,0.9525,1.7599,-1.8494,-0.0076,0.0064,0.9424,1.7575,-1.8742",-0.0076826026197522,-3.1334398984909058,0.0058395531959831,-3.125923156738281,-0.0212047584354877,-3.1409566402435303,0.2978788018226623,0.3087198138236999,"0.08803384751081467,0.05443418771028519,0.9402245283126831,-7.0825653076171875,-0.12087389081716537,-0.07717932015657425,-0.009703632444143295,0.9064630270004272,-7.154388904571533,-0.10735173523426056","0.136267751455307,0.08598710596561432,0.9533171653747559,-7.300617218017578,-0.2694757282733917,-0.12957464158535004,-0.10988058149814606,0.9626418352127075,-7.270074367523193,-0.2619589865207672",0.0,0.0,False,False,False,False,False,False,False,False,"0.0000,0.0000,0.0000,0.0000,0.0000,0.0000,0.0000,0.0000,0.0000,0.0000","0.0000,0.0000,0.0000,0.0000,0.0000,0.0000,0.0000,0.0000,0.0000,0.0000",0.0,0.0,0,0
28,28,28,0.28,0.28,0.0,-0.01,0.4041118323802948,0.4041118323802948,0.4041118323802948,0.3941118419170379,False,True,0.4073356688022613,0.40273118019104,True,True,True,True,True,True,True,True,True,True,double_contact,double_contact,none,none,0.2800000000000001,0.19,39.425811767578125,39.16043472290039,39.68617248535156,38.68026351928711,79.11198304452236,77.84070109763303,0,0,-0.0073869828401317,-0.00584477657434,0.001806539634059,-0.0374557989295287,0.0018181122975277,0.0022967250681001,0.0087808799836978,0.0002247303373427,0.0028118260670453,0.0065520103089511,"0.0003,-0.0028,0.9558,1.7358,0.1632,-0.0053,-0.0004,0.9462,1.7340,0.1507","0.0051,-0.0066,0.9533,1.7582,-1.8813,-0.0081,0.0064,0.9427,1.7556,-1.9063",-0.0780761092901229,-3.2513540983200078,-0.0663667023181915,-3.2448718547821045,-0.0897855162620544,-3.25783634185791,0.2954793274402618,0.2337910681962967,"0.08806127309799194,0.05275833606719971,0.9300100803375244,-7.08262300491333,-0.12129655480384827,-0.07756350934505463,-0.012426395900547504,0.910664439201355,-7.153385162353516,-0.10958714783191681","0.13689318299293518,0.08236930519342422,0.9429407119750977,-7.290380001068115,-0.2661445736885071,-0.13018374145030975,-0.11101583391427994,0.9623762965202332,-7.253981590270996,-0.25966233015060425",0.0,0.0,False,False,False,False,False,False,False,False,"0.0000,0.0000,0.0000,0.0000,0.0000,0.0000,0.0000,0.0000,0.0000,0.0000","0.0000,0.0000,0.0000,0.0000,0.0000,0.0000,0.0000,0.0000,0.0000,0.0000",0.0,0.0,0,0
29,29,29,0.29,0.29,0.0,-0.01,0.4041118323802948,0.4041118323802948,0.4041118323802948,0.3941118419170379,False,True,0.4073954820632934,0.4030788242816925,True,True,True,True,True,True,True,True,True,True,double_contact,double_contact,none,none,0.2900000000000001,0.2,39.46327972412109,39.2313232421875,39.67749786376953,38.700416564941406,79.14077966678431,77.93174030499904,0,0,-0.0072888877756028,-0.003908578191759,0.001773182044194,-0.0348448558605125,0.0018471938299033,0.0024025744026025,0.0092154931347927,0.0005844643857045,0.0028431445825845,0.0064935148693621,"0.0005,-0.0028,0.9563,1.7355,0.1621,-0.0055,-0.0003,0.9464,1.7337,0.1494","0.0056,-0.0065,0.9540,1.7566,-1.9145,-0.0086,0.0065,0.9431,1.7538,-1.9395",-0.1472483873367309,-3.365832686424256,-0.1371957510709762,-3.3602237701416016,-0.1573010236024856,-3.371441602706909,0.2915555238723755,0.1563431322574615,"0.08821886032819748,0.05125856399536133,0.9200189113616943,-7.0825066566467285,-0.12331470847129822,-0.07793005555868149,-0.014974508434534073,0.9140256643295288,-7.152155876159668,-0.11326207220554352","0.1375107318162918,0.0787634551525116,0.9332811832427979,-7.281296730041504,-0.2638316750526428,-0.13076800107955933,-0.11197769641876221,0.9620441198348999,-7.239038944244385,-0.258222758769989",0.0,0.0,False,False,False,False,False,False,False,False,"0.0000,0.0000,0.0000,0.0000,0.0000,0.0000,0.0000,0.0000,0.0000,0.0000","0.0000,0.0000,0.0000,0.0000,0.0000,0.0000,0.0000,0.0000,0.0000,0.0000",0.0,0.0,0,0
30,30,30,0.3,0.3,0.0,-0.01,0.4041118323802948,0.4041118323802948,0.4041118323802948,0.3941118419170379,False,True,0.4074509143829345,0.4034060537815094,True,True,True,True,True,True,True,True,True,True,double_contact,double_contact,none,none,0.3000000000000001,0.21,39.4961166381836,39.30060958862305,39.66756057739258,38.721439361572266,79.16367641049288,78.02205021649971,0,0,-0.0071528208201461,-0.0019108949572468,0.001754076924027,-0.0322557658200318,0.0018758260232187,0.0025045286255533,0.0096621599419861,0.0009412238722152,0.0028683284763246,0.0065389885567128,"0.0007,-0.0029,0.9569,1.7352,0.1603,-0.0057,-0.0003,0.9466,1.7334,0.1474","0.0062,-0.0064,0.9546,1.7550,-1.9488,-0.0092,0.0065,0.9434,1.7521,-1.9739",-0.216886006295681,-3.477989912033081,-0.2083099037408828,-3.4731149673461914,-0.2254621088504791,-3.4828648567199707,0.2861128449440002,0.0764357969164848,"0.08841811120510101,0.04988103732466698,0.9110932350158691,-7.082365036010742,-0.1260063499212265,-0.07824831455945969,-0.017378129065036774,0.9174928665161133,-7.150856018066406,-0.11743024736642838","0.13809706270694733,0.07515215873718262,0.9245568513870239,-7.273289680480957,-0.2609880268573761,-0.1313062608242035,-0.11276616156101227,0.961915910243988,-7.22515869140625,-0.25611308217048645",0.0,0.0,False,False,False,False,False,False,False,False,"0.0000,0.0000,0.0000,0.0000,0.0000,0.0000,0.0000,0.0000,0.0000,0.0000","0.0000,0.0000,0.0000,0.0000,0.0000,0.0000,0.0000,0.0000,0.0000,0.0000",0.0,0.0,0,0
31,31,31,0.31,0.31,0.0,-0.01,0.4041118323802948,0.4041118323802948,0.4041118323802948,0.3941118419170379,False,True,0.4075023531913757,0.4037140607833862,True,True,True,True,True,True,True,True,True,True,double_contact,double_contact,none,none,0.3100000000000001,0.22,39.52857971191406,39.36862182617188,39.660274505615234,38.74343490600586,79.18885546663819,78.11205861268246,0,0,-0.0069783175856463,0.0001470172731261,0.0017507291542308,-0.0296849617216336,0.0019040079608352,0.0026026850929618,0.0101168047374793,0.0012927039920468,0.0028880203608423,0.0065877218730747,"0.0010,-0.0029,0.9574,1.7349,0.1578,-0.0059,-0.0002,0.9467,1.7331,0.1448","0.0067,-0.0064,0.9553,1.7536,-1.9842,-0.0097,0.0066,0.9437,1.7505,-2.0094",-0.2875947505235672,-3.587346911430359,-0.2803146541118622,-3.583083391189575,-0.2948748469352722,-3.5916104316711426,0.2791326940059662,-0.0058806911110877,"0.08862271159887314,0.04859974980354309,0.9028462171554565,-7.082424163818359,-0.12789078056812286,-0.07851605117321014,-0.019652163609862328,0.9207606911659241,-7.14969539642334,-0.12061068415641785","0.1386411488056183,0.07152692973613739,0.9162979125976562,-7.266150951385498,-0.2572459280490875,-0.13178925216197968,-0.11338783800601959,0.96157306432724,-7.212131500244141,-0.25298240780830383",0.0,0.0,False,False,False,False,False,False,False,False,"0.0000,0.0000,0.0000,0.0000,0.0000,0.0000,0.0000,0.0000,0.0000,0.0000","0.0000,0.0000,0.0000,0.0000,0.0000,0.0000,0.0000,0.0000,0.0000,0.0000",0.0,0.0,0,0
32,32,32,0.32,0.32,0.0,-0.01,0.4041118323802948,0.4041118323802948,0.4041118323802948,0.3941118419170379,False,True,0.4075500667095184,0.4040039777755737,True,True,True,True,True,True,True,True,True,True,double_contact,double_contact,none,none,0.3200000000000001,0.23,39.55924606323242,39.433013916015625,39.65394592285156,38.76389694213867,79.21319085197021,78.19690903578149,0,0,-0.0067648784735998,0.002263608864229,0.0017649496632904,-0.0271292029808423,0.0019317344331609,0.0026971492664623,0.0105757812381579,0.0016369448824116,0.0029027773998677,0.0066357972100377,"0.0012,-0.0029,0.9579,1.7347,0.1546,-0.0062,-0.0001,0.9469,1.7328,0.1414","0.0072,-0.0063,0.9559,1.7523,-2.0206,-0.0103,0.0066,0.9439,1.7490,-2.0460",-0.3585289567708969,-3.693130373954773,-0.3523730039596557,-3.6893696784973145,-0.364684909582138,-3.696891069412232,0.2705951333045959,-0.0905443578958511,"0.088827945291996,0.047403234988451004,0.8949519395828247,-7.0825653076171875,-0.12958809733390808,-0.0787484347820282,-0.02181374654173851,0.9235691428184509,-7.148562908172607,-0.12343213707208633","0.13914233446121216,0.06788380444049835,0.9084175825119019,-7.25956392288208,-0.25333142280578613,-0.13221782445907593,-0.11385205388069153,0.9609743356704712,-7.199652671813965,-0.24957074224948883",0.0,0.0,False,False,False,False,False,False,False,False,"0.0000,0.0000,0.0000,0.0000,0.0000,0.0000,0.0000,0.0000,0.0000,0.0000","0.0000,0.0000,0.0000,0.0000,0.0000,0.0000,0.0000,0.0000,0.0000,0.0000",0.0,0.0,0,0
33,33,33,0.33,0.33,0.0,-0.01,0.4041118323802948,0.4041118323802948,0.4041118323802948,0.3941118419170379,False,True,0.4075944125652313,0.404276967048645,True,True,True,True,True,True,True,True,True,True,double_contact,double_contact,none,none,0.3300000000000001,0.24,39.58707427978516,39.49350738525391,39.64719009399414,38.78234100341797,79.23426525332113,78.27584955725041,0,0,-0.0065123016327885,0.0044370688630614,0.001798045215318,-0.0245858266775886,0.0019590053670604,0.0027880350227977,0.0110358647794885,0.0019722942347449,0.0029130931943655,0.0066827461123466,"0.0014,-0.0029,0.9584,1.7344,0.1506,-0.0064,-0.0000,0.9470,1.7326,0.1373","0.0078,-0.0062,0.9565,1.7510,-2.0581,-0.0108,0.0067,0.9442,1.7476,-2.0835",-0.429518848657608,-3.795325517654419,-0.4243289530277252,-3.791973352432251,-0.4347087442874908,-3.798677682876587,0.2604920566082001,-0.1774827539920807,"0.0890372171998024,0.046281248331069946,0.887554407119751,-7.082714080810547,-0.13153068721294403,-0.07896071672439575,-0.023872775956988335,0.9261231422424316,-7.147368431091309,-0.12634079158306122","0.13959886133670807,0.06421782076358795,0.9010254144668579,-7.253411769866943,-0.24929969012737274,-0.1325916051864624,-0.11416411399841309,0.9602752923965454,-7.1876020431518555,-0.24594752490520477",0.0,0.0,False,False,False,False,False,False,False,False,"0.0000,0.0000,0.0000,0.0000,0.0000,0.0000,0.0000,0.0000,0.0000,0.0000","0.0000,0.0000,0.0000,0.0000,0.0000,0.0000,0.0000,0.0000,0.0000,0.0000",0.0,0.0,0,0
34,34,34,0.34,0.34,0.0,-0.01,0.4041118323802948,0.4041118323802948,0.4041118323802948,0.3941118419170379,False,True,0.4076356291770935,0.404534101486206,True,True,True,True,True,True,True,True,True,True,double_contact,double_contact,none,none,0.3400000000000001,0.25,39.816680908203125,39.55076217651367,39.64072036743164,38.79927444458008,79.45739971536989,78.35003386827165,0,0,-0.0062204087081351,0.0066655623544024,0.0018511443097384,-0.0220523840702714,0.0019858244609269,0.0028754616237144,0.0114942277618441,0.0022973721994685,0.0029193984810262,0.0067281411029398,"0.0016,-0.0029,0.9589,1.7342,0.1459,-0.0066,0.0000,0.9471,1.7323,0.1325","0.0083,-0.0061,0.9571,1.7499,-2.0966,-0.0114,0.0067,0.9444,1.7463,-2.1221",-0.5008141696453094,-3.893959879875183,-0.4964476227760315,-3.890934467315674,-0.5051807165145874,-3.896985292434693,0.2488163411617279,-0.2666224837303161,"0.08924568444490433,0.04522092267870903,0.8806895017623901,-7.082913398742676,-0.13338713347911835,-0.0791553184390068,-0.025836516171693802,0.9285100102424622,-7.146158695220947,-0.1290205866098404","0.14000579714775085,0.060523469001054764,0.8940703868865967,-7.247653007507324,-0.24491426348686218,-0.13290682435035706,-0.1143295019865036,0.9594599604606628,-7.175938129425049,-0.2418888509273529",0.0,0.0,False,False,False,False,False,False,False,False,"0.0000,0.0000,0.0000,0.0000,0.0000,0.0000,0.0000,0.0000,0.0000,0.0000","0.0000,0.0000,0.0000,0.0000,0.0000,0.0000,0.0000,0.0000,0.0000,0.0000",0.0,0.0,0,0
35,35,35,0.35,0.35,0.0,-0.01,0.4041118323802948,0.4041118323802948,0.4041118323802948,0.3941118419170379,False,True,0.4076742529869079,0.4047763645648956,True,True,True,True,True,True,True,True,True,True,double_contact,double_contact,none,none,0.3500000000000001,0.26,39.614444732666016,39.60472106933594,39.64254379272461,38.81449890136719,79.25698786644648,78.41922217408322,0,0,-0.0058899752406339,0.0089472065383813,0.0019229312309068,-0.0195266088184126,0.0020132149203519,0.0029595519780569,0.0119329028756848,0.0026110424727934,0.0029192415531724,0.0067715956829488,"0.0018,-0.0029,0.9593,1.7340,0.1405,-0.0068,0.0001,0.9472,1.7321,0.1271","0.0088,-0.0060,0.9576,1.7488,-2.1361,-0.0119,0.0068,0.9446,1.7451,-2.1616",-0.5732244551181793,-3.988829135894776,-0.5705048441886902,-3.9860587120056152,-0.5759440660476685,-3.991599559783936,0.235599011182785,-0.357888251543045,"0.0929955467581749,0.04335160553455353,0.8749159574508667,-7.087891101837158,-0.1372220814228058,-0.08112938702106476,-0.02541642263531685,0.9294580817222595,-7.144029140472412,-0.13450247049331665","0.1403626948595047,0.056798048317432404,0.8874725103378296,-7.242212295532227,-0.2402300387620926,-0.13316407799720764,-0.11435451358556747,0.9584882259368896,-7.16458797454834,-0.23745961487293243",0.0,0.0,False,False,False,False,False,False,False,False,"0.0000,0.0000,0.0000,0.0000,0.0000,0.0000,0.0000,0.0000,0.0000,0.0000","0.0000,0.0000,0.0000,0.0000,0.0000,0.0000,0.0000,0.0000,0.0000,0.0000",0.0,0.0,0,0
36,36,36,0.36,0.36,0.0,-0.01,0.4041118323802948,0.4041118323802948,0.4041118323802948,0.3941118419170379,False,True,0.4077104330062866,0.4050046801567077,True,True,True,True,True,True,True,True,True,True,double_contact,double_contact,none,none,0.3600000000000001,0.2700000000000001,39.62249755859375,39.65530776977539,39.66571807861328,38.82783508300781,79.2882122531611,78.48314513738046,0,0,-0.0055203764259555,0.0112800118072495,0.0020167461873132,-0.0170065355900341,0.002041530020241,0.0030404317521274,0.0123313392814933,0.002912385761006,0.0029208175837993,0.0068127615377306,"0.0020,-0.0029,0.9597,1.7339,0.1344,-0.0070,0.0002,0.9473,1.7319,0.1209","0.0094,-0.0059,0.9582,1.7478,-2.1765,-0.0125,0.0068,0.9448,1.7439,-2.2021",-0.6470852792263031,-4.079795598983765,-0.6437718272209167,-4.077218055725098,-0.6503987312316895,-4.082373142242432,0.2208150625228881,-0.4512004852294922,"0.09630110114812851,0.04547164589166641,0.8779938220977783,-7.085593223571777,-0.13631820678710938,-0.08248311281204224,-0.02383999340236187,0.9273082613945007,-7.142618656158447,-0.13300475478172302","0.1406698077917099,0.05303940549492836,0.8812154531478882,-7.237029075622559,-0.2353319525718689,-0.13336452841758728,-0.11424541473388672,0.9573763012886047,-7.153499603271484,-0.2327544093132019",0.0,0.0,False,False,False,False,False,False,False,False,"0.0000,0.0000,0.0000,0.0000,0.0000,0.0000,0.0000,0.0000,0.0000,0.0000","0.0000,0.0000,0.0000,0.0000,0.0000,0.0000,0.0000,0.0000,0.0000,0.0000",0.0,0.0,0,0
37,37,37,0.37,0.37,0.0,-0.01,0.4041118323802948,0.4041118323802948,0.4041118323802948,0.3941118419170379,False,True,0.4077441096305847,0.4052199125289917,True,True,True,True,True,True,True,True,True,True,double_contact,double_contact,none,none,0.3700000000000001,0.2800000000000001,39.631160736083984,39.70275115966797,39.69449996948242,38.83936309814453,79.325659624705,78.54211336853524,0,0,-0.0051100021462155,0.013661916736072,0.0021381075794452,-0.0144904776984506,0.0020699738551674,0.0031182294488279,0.0126870140117391,0.0032006754678546,0.0029311920516192,0.006851325277239,"0.0021,-0.0029,0.9601,1.7337,0.1275,-0.0073,0.0003,0.9474,1.7317,0.1139","0.0099,-0.0057,0.9587,1.7468,-2.2178,-0.0131,0.0069,0.9450,1.7428,-2.2434",-0.7176831662654877,-4.166808843612671,-0.713149905204773,-4.164370536804199,-0.7222164273262024,-4.169247150421143,0.2044000923633575,-0.5464766621589661,"0.0978594571352005,0.04805430397391319,0.8755741119384766,-7.085452079772949,-0.1344350427389145,-0.0830012634396553,-0.022366559132933617,0.9216837286949158,-7.142160892486572,-0.12990178167819977","0.14092925190925598,0.04924636334180832,0.8752909898757935,-7.2320756912231445,-0.23020677268505096,-0.13351109623908997,-0.11400724947452545,0.9561510682106018,-7.142641544342041,-0.22776846587657928",0.0,0.0,False,False,False,False,False,False,False,False,"0.0000,0.0000,0.0000,0.0000,0.0000,0.0000,0.0000,0.0000,0.0000,0.0000","0.0000,0.0000,0.0000,0.0000,0.0000,0.0000,0.0000,0.0000,0.0000,0.0000",0.0,0.0,0,0
38,38,38,0.38,0.38,0.0,-0.01,0.4041118323802948,0.4041118323802948,0.4041118323802948,0.3941118419170379,False,True,0.4077756702899933,0.4054228961467743,True,True,True,True,True,True,True,True,True,True,double_contact,double_contact,none,none,0.3800000000000001,0.2900000000000001,39.619895935058594,39.74728393554688,39.700138092041016,38.849246978759766,79.32003118938181,78.59653097966735,0,0,-0.0046605923985991,0.0160908132313209,0.0022843549875341,-0.0119769711588824,0.0020972474647878,0.0031930742115555,0.0130054746941257,0.0034753553406456,0.0029480692464858,0.0068870075047016,"0.0022,-0.0029,0.9605,1.7336,0.1200,-0.0075,0.0003,0.9475,1.7315,0.1063","0.0105,-0.0056,0.9591,1.7460,-2.2600,-0.0137,0.0069,0.9452,1.7418,-2.2856",-0.7843393981456757,-4.24980354309082,-0.7785695195198059,-4.247458457946777,-0.7901092767715454,-4.252148628234863,0.1864236891269683,-0.6436325311660767,"0.09759816527366638,0.04994799569249153,0.873627781867981,-7.084079742431641,-0.14062225818634033,-0.08220066130161285,-0.021379169076681137,0.9177533984184265,-7.141024112701416,-0.13485237956047058","0.1411409229040146,0.045417312532663345,0.8696737289428711,-7.227330207824707,-0.22484090924263,-0.13360442221164703,-0.113646000623703,0.9548142552375793,-7.1320013999938965,-0.22249582409858704",0.0,0.0,False,False,False,False,False,False,False,False,"0.0000,0.0000,0.0000,0.0000,0.0000,0.0000,0.0000,0.0000,0.0000,0.0000","0.0000,0.0000,0.0000,0.0000,0.0000,0.0000,0.0000,0.0000,0.0000,0.0000",0.0,0.0,0,0
39,39,39,0.39,0.39,0.0,-0.01,0.4041118323802948,0.4041118323802948,0.4041118323802948,0.3941118419170379,False,True,0.407805472612381,0.4056143164634704,True,True,True,True,True,True,True,True,True,True,double_contact,double_contact,none,none,0.3900000000000002,0.3000000000000001,39.6135368347168,39.78912353515625,39.7100944519043,38.85759353637695,79.32363397767178,78.64671836132857,0,0,-0.0041726929093774,0.018564541077056,0.0024533907177013,-0.0094647680469142,0.0021222684976003,0.0032650959202461,0.0132924370978348,0.0037360202628537,0.0029692598618566,0.0069195590913295,"0.0023,-0.0030,0.9608,1.7334,0.1118,-0.0077,0.0004,0.9476,1.7314,0.0980","0.0110,-0.0055,0.9596,1.7452,-2.3029,-0.0142,0.0069,0.9454,1.7408,-2.3286",-0.8550839126110077,-4.3287012577056885,-0.8481690287590027,-4.32641077041626,-0.8619987964630127,-4.330991744995117,0.166907712817192,-0.7425816655158997,"0.09628020972013474,0.05131129175424576,0.873315691947937,-7.082808017730713,-0.14438728988170624,-0.0806465670466423,-0.02076924405992031,0.9163488149642944,-7.1406331062316895,-0.13747240602970123","0.14130839705467224,0.041552454233169556,0.8643370866775513,-7.222776889801025,-0.21923524141311646,-0.13364873826503754,-0.11316666007041931,0.9533666372299194,-7.1215620040893555,-0.21694475412368774",0.0,0.0,False,False,False,False,False,False,False,False,"0.0000,0.0000,0.0000,0.0000,0.0000,0.0000,0.0000,0.0000,0.0000,0.0000","0.0000,0.0000,0.0000,0.0000,0.0000,0.0000,0.0000,0.0000,0.0000,0.0000",0.0,0.0,0,0
40,40,40,0.4,0.4,0.0,-0.01,0.4041118323802948,0.4041118323802948,0.4041118323802948,0.3941118419170379,False,True,0.4078334271907806,0.4057949185371399,True,True,True,True,True,True,True,True,True,True,double_contact,double_contact,none,none,0.4000000000000002,0.3100000000000001,39.617183685302734,39.828407287597656,39.72712707519531,38.86443710327149,79.34431100179934,78.69284749331271,0,0,-0.0036448016312547,0.021080884945771,0.0026478633905836,-0.0069528432731915,0.0021444306196325,0.0033344245676149,0.013553398609369,0.0039823993348729,0.0029930958990007,0.0069487611763179,"0.0024,-0.0030,0.9612,1.7333,0.1029,-0.0079,0.0004,0.9477,1.7312,0.0889","0.0116,-0.0053,0.9600,1.7444,-2.3466,-0.0148,0.0069,0.9455,1.7399,-2.3724",-0.9272882342338562,-4.403426170349121,-0.9193979501724244,-4.401156902313232,-0.935178518295288,-4.40569543838501,0.1457920670509338,-0.8432353734970093,"0.09441076219081879,0.05227559432387352,0.8719189167022705,-7.081948280334473,-0.14463749527931213,-0.07871197909116745,-0.02050883322954178,0.9147766828536987,-7.140911102294922,-0.13674721121788025","0.1414339542388916,0.03765184432268143,0.8592640161514282,-7.218398571014404,-0.21341918408870697,-0.1336468607187271,-0.11257489770650864,0.9518214464187622,-7.111306190490723,-0.2111499160528183",0.0,0.0,False,False,False,False,False,False,False,False,"0.0000,0.0000,0.0000,0.0000,0.0000,0.0000,0.0000,0.0000,0.0000,0.0000","0.0000,0.0000,0.0000,0.0000,0.0000,0.0000,0.0000,0.0000,0.0000,0.0000",0.0,0.0,0,0
41,41,41,0.41,0.41,0.0,-0.01,0.4041118323802948,0.4041118323802948,0.4041118323802948,0.3941118419170379,False,True,0.4078596830368042,0.4059652686119079,True,True,True,True,True,True,True,True,True,True,double_contact,double_contact,none,none,0.4100000000000002,0.3200000000000001,39.61911010742188,39.86532211303711,39.73864364624024,38.86994171142578,79.35775534694821,78.73526464311941,0,0,-0.0030767562327856,0.023637580907676,0.0028693868389552,-0.0044403773877345,0.0021634621942899,0.0034011879711799,0.0137933984257591,0.0042143389476321,0.0030183126218616,0.0069744237698614,"0.0025,-0.0030,0.9615,1.7332,0.0933,-0.0081,0.0005,0.9477,1.7311,0.0791","0.0121,-0.0052,0.9604,1.7437,-2.3911,-0.0154,0.0070,0.9457,1.7390,-2.4169",-0.9976508617401124,-4.4739298820495605,-0.9889711141586304,-4.471654415130615,-1.0063306093215942,-4.476205348968506,0.1230702474713325,-0.9455032348632812,"0.09229445457458496,0.05292636901140213,0.8695820569992065,-7.080832481384277,-0.14590026438236237,-0.07663063704967499,-0.020595986396074295,0.913104236125946,-7.14102840423584,-0.13722051680088043","0.14151884615421295,0.033715374767780304,0.8544424772262573,-7.214174270629883,-0.20737823843955994,-0.13360059261322021,-0.11187659949064255,0.9501869082450867,-7.101227760314941,-0.20510277152061462",0.0,0.0,False,False,False,False,False,False,False,False,"0.0000,0.0000,0.0000,0.0000,0.0000,0.0000,0.0000,0.0000,0.0000,0.0000","0.0000,0.0000,0.0000,0.0000,0.0000,0.0000,0.0000,0.0000,0.0000,0.0000",0.0,0.0,0,0
42,42,42,0.42,0.42,0.0,-0.01,0.4041118323802948,0.4041118323802948,0.4041118323802948,0.3941118419170379,False,True,0.4078844487667084,0.4061259925365448,True,True,True,True,True,True,True,True,True,True,double_contact,double_contact,none,none,0.4200000000000002,0.3300000000000001,39.62061309814453,39.90008163452149,39.74512100219727,38.87419891357422,79.3657353442938,78.77427946814892,0,0,-0.0024691827931247,0.0262323230118531,0.0031177833743916,-0.0019267383528862,0.0021793252563015,0.0034655140660049,0.0140170766713208,0.004431789010055,0.0030438459943979,0.0069963820278644,"0.0026,-0.0030,0.9617,1.7330,0.0830,-0.0083,0.0005,0.9478,1.7310,0.0686","0.0127,-0.0050,0.9608,1.7430,-2.4362,-0.0160,0.0070,0.9458,1.7382,-2.4620",-1.0674622058868408,-4.540148496627808,-1.0581791400909424,-4.537844181060791,-1.0767452716827393,-4.542452812194824,0.0987673103809356,-1.0492929220199585,"0.09010134637355804,0.053272075951099396,0.8672785758972168,-7.079552173614502,-0.14780616760253906,-0.0745466947555542,-0.021003160625696182,0.912283182144165,-7.140986442565918,-0.13852310180664062","0.1415691375732422,0.029745198786258698,0.8498536348342896,-7.210108757019043,-0.20113010704517365,-0.13351646065711975,-0.11107610166072845,0.9484705328941345,-7.09132194519043,-0.19882579147815704",0.0,0.0,False,False,False,False,False,False,False,False,"0.0000,0.0000,0.0000,0.0000,0.0000,0.0000,0.0000,0.0000,0.0000,0.0000","0.0000,0.0000,0.0000,0.0000,0.0000,0.0000,0.0000,0.0000,0.0000,0.0000",0.0,0.0,0,0
43,43,43,0.43,0.43,0.0,-0.01,0.4041118323802948,0.4041118323802948,0.4041118323802948,0.3941118419170379,False,True,0.4079079329967499,0.406277596950531,True,True,True,True,True,True,True,True,True,True,double_contact,double_contact,none,none,0.4300000000000002,0.3400000000000001,39.62555694580078,39.932838439941406,39.7505989074707,38.8773193359375,79.37615655544892,78.81015467650165,0,0,-0.001822198128568,0.028862762521037,0.0033934411812093,0.0005885279104347,0.0021921394998977,0.0035275286804449,0.0142286472517707,0.0046347899174036,0.003068720921874,0.0070144976489245,"0.0027,-0.0031,0.9620,1.7329,0.0720,-0.0085,0.0006,0.9479,1.7308,0.0574","0.0132,-0.0049,0.9612,1.7424,-2.4819,-0.0166,0.0070,0.9460,1.7374,-2.5078",-1.1375068426132202,-4.6020348072052,-1.1278111934661863,-4.5996832847595215,-1.147202491760254,-4.604386329650879,0.0728879272937774,-1.154510498046875,"0.08794273436069489,0.05333956703543663,0.8647415637969971,-7.0784807205200195,-0.14881451427936554,-0.07255199551582336,-0.021691344678401947,0.9120745658874512,-7.140956878662109,-0.13911886513233185","0.1415857970714569,0.025741666555404663,0.8454850912094116,-7.206180095672607,-0.19466185569763184,-0.13339585065841675,-0.11017962545156479,0.9466811418533325,-7.081577301025391,-0.19231033325195312",0.0,0.0,False,False,False,False,False,False,False,False,"0.0000,0.0000,0.0000,0.0000,0.0000,0.0000,0.0000,0.0000,0.0000,0.0000","0.0000,0.0000,0.0000,0.0000,0.0000,0.0000,0.0000,0.0000,0.0000,0.0000",0.0,0.0,0,0
44,44,44,0.44,0.44,0.0,-0.01,0.4041118323802948,0.4041118323802948,0.4041118323802948,0.3941118419170379,False,True,0.4079301953315735,0.4064206182956695,True,True,True,True,True,True,True,True,True,True,double_contact,double_contact,none,none,0.4400000000000002,0.3500000000000001,39.67805099487305,39.96378707885742,39.74955749511719,38.87940216064453,79.42760859375483,78.84319030405992,0,0,-0.0011358181007335,0.031526510907435,0.0036971574619428,0.0031057072034752,0.0022021476806353,0.0035873552540993,0.0144318186119277,0.0048234605308317,0.0030921658035367,0.0070286556147038,"0.0028,-0.0031,0.9623,1.7328,0.0603,-0.0087,0.0006,0.9480,1.7307,0.0455","0.0138,-0.0047,0.9616,1.7418,-2.5283,-0.0172,0.0070,0.9461,1.7367,-2.5542",-1.2070382833480835,-4.659526348114014,-1.197110295295715,-4.657113075256348,-1.2169662714004517,-4.66193962097168,0.045432724058628,-1.2610604763031006,"0.08591648191213608,0.053174786269664764,0.861706018447876,-7.077475547790527,-0.14937928318977356,-0.07072637230157852,-0.022607844322919846,0.9121372103691101,-7.140803813934326,-0.1394512951374054","0.14157339930534363,0.02170688658952713,0.8413163423538208,-7.202394485473633,-0.1879866123199463,-0.13324373960494995,-0.10919222980737686,0.9448179602622986,-7.071991920471191,-0.18557333946228027",0.0,0.0,False,False,False,False,False,False,False,False,"0.0000,0.0000,0.0000,0.0000,0.0000,0.0000,0.0000,0.0000,0.0000,0.0000","0.0000,0.0000,0.0000,0.0000,0.0000,0.0000,0.0000,0.0000,0.0000,0.0000",0.0,0.0,0,0
45,45,45,0.45,0.45,0.0,-0.01,0.4041118323802948,0.4041118323802948,0.4041118323802948,0.3941118419170379,False,True,0.4079512655735016,0.4065554440021515,True,True,True,True,True,True,True,True,True,True,double_contact,double_contact,none,none,0.4500000000000002,0.3600000000000001,39.670997619628906,39.93406295776367,39.75041961669922,38.88630294799805,79.42141702160151,78.8203644367027,0,0,-0.0004102215493461,0.0342211384001226,0.0040297209488457,0.0056249181823422,0.0022090486685978,0.0036451138543471,0.0146306762212733,0.0049979880612998,0.0031156903132796,0.0070387669838964,"0.0029,-0.0031,0.9625,1.7327,0.0479,-0.0089,0.0006,0.9481,1.7306,0.0330","0.0143,-0.0046,0.9619,1.7412,-2.5751,-0.0178,0.0070,0.9462,1.7360,-2.6011",-1.2758848071098328,-4.712572813034058,-1.2659491300582886,-4.710086822509766,-1.285820484161377,-4.71505880355835,0.0164088625460863,-1.3688455820083618,"0.08322867751121521,0.05253569409251213,0.8575831651687622,-7.077640533447266,-0.15025267004966736,-0.0684041976928711,-0.02428508549928665,0.9128117561340332,-7.140602111816406,-0.14031699299812317","0.14153358340263367,0.017642151564359665,0.837343692779541,-7.198731422424316,-0.1811237782239914,-0.13306209444999695,-0.10812024772167206,0.9428958892822266,-7.062564373016357,-0.1786377876996994",0.0,0.0,False,False,False,False,False,False,False,False,"0.0000,0.0000,0.0000,0.0000,0.0000,0.0000,0.0000,0.0000,0.0000,0.0000","0.0000,0.0000,0.0000,0.0000,0.0000,0.0000,0.0000,0.0000,0.0000,0.0000",0.0,0.0,0,0
46,46,46,0.46,0.46,0.0,-0.01,0.4041118323802948,0.4041118323802948,0.4041118323802948,0.3941118419170379,False,True,0.4079713225364685,0.4066830575466156,True,True,True,True,True,True,True,True,True,True,double_contact,double_contact,none,none,0.4600000000000002,0.3700000000000001,39.64290618896485,40.03042602539063,39.75389862060547,38.87588119506836,79.39680290500226,78.90630553617937,0,0,0.0003545081581692,0.0369430374731186,0.004392055490267,0.0081414889582857,0.0022109945256289,0.0037018507190422,0.0148323954300917,0.0051433542156519,0.0031428765505552,0.0070389625616371,"0.0030,-0.0031,0.9628,1.7326,0.0348,-0.0091,0.0007,0.9481,1.7305,0.0197","0.0148,-0.0044,0.9623,1.7408,-2.6226,-0.0183,0.0070,0.9464,1.7353,-2.6486",-1.3441262245178225,-4.762922286987305,-1.3339425325393677,-4.762406349182129,-1.3543099164962769,-4.7634382247924805,-0.0141803259029984,-1.4777214527130127,"0.0778316780924797,0.05424116924405098,0.8549504280090332,-7.072353363037109,-0.1495722085237503,-0.06377793103456497,-0.02821386232972145,0.9137926697731018,-7.140946388244629,-0.13938851654529572","0.1472337543964386,0.014207705855369568,0.8314133882522583,-7.210679531097412,-0.17974621057510376,-0.1359846442937851,-0.10212414711713791,0.9412328004837036,-7.051059246063232,-0.17923027276992798",0.0,0.0,False,False,False,False,False,False,False,False,"0.0000,0.0000,0.0000,0.0000,0.0000,0.0000,0.0000,0.0000,0.0000,0.0000","0.0000,0.0000,0.0000,0.0000,0.0000,0.0000,0.0000,0.0000,0.0000,0.0000",0.0,0.0,0,0
47,47,47,0.47,0.47,0.0,-0.01,0.4041118323802948,0.4041118323802948,0.4041118323802948,0.3941118419170379,False,True,0.4079906046390533,0.4068039655685425,True,True,True,True,True,True,True,True,True,True,double_contact,double_contact,none,none,0.4700000000000002,0.3800000000000001,39.66695022583008,39.9878044128418,39.74030685424805,38.94293975830078,79.40725505218823,78.93074297472971,0,0,0.0011576884511936,0.0396902662806416,0.0047827028040409,0.0106589362966595,0.0022102312045935,0.003761153192643,0.0150429921154825,0.0052135319339227,0.0031620254740118,0.0070063527673482,"0.0031,-0.0032,0.9630,1.7325,0.0211,-0.0093,0.0008,0.9482,1.7304,0.0058","0.0153,-0.0042,0.9626,1.7403,-2.6705,-0.0189,0.0070,0.9465,1.7347,-2.6965",-1.4109216928482056,-4.812421560287476,-1.401360273361206,-4.809228897094727,-1.420483112335205,-4.815614223480225,-0.0463075377047061,-1.5876106023788452,"0.07659217715263367,0.052331000566482544,0.8483256101608276,-7.073227405548096,-0.15022088587284088,-0.06311788409948349,-0.030876070261001587,0.9160453081130981,-7.140049457550049,-0.14065946638584137","0.15324735641479492,0.022043179720640182,0.8470518589019775,-7.199485778808594,-0.16606338322162628,-0.13891826570034027,-0.0904112160205841,0.9329903721809387,-7.042154312133789,-0.16287072002887726",0.0,0.0,False,False,False,False,False,False,False,False,"0.0000,0.0000,0.0000,0.0000,0.0000,0.0000,0.0000,0.0000,0.0000,0.0000","0.0000,0.0000,0.0000,0.0000,0.0000,0.0000,0.0000,0.0000,0.0000,0.0000",0.0,0.0,0,0
48,48,48,0.48,0.48,0.0,-0.01,0.4041118323802948,0.4041118323802948,0.4041118323802948,0.3941118419170379,False,True,0.4080091118812561,0.4069177806377411,True,True,True,True,True,True,True,True,True,True,double_contact,double_contact,none,none,0.4800000000000002,0.3900000000000002,39.68243789672852,39.96837615966797,39.72480010986328,39.0296745300293,79.40723807340129,78.99804988285702,0,0,0.001998576491681,0.0424635771012907,0.0052015458230378,0.0131874875797089,0.0022091240958016,0.0038213213660796,0.015261842729373,0.0052158449498014,0.003175345249474,0.0069327852688729,"0.0033,-0.0032,0.9632,1.7325,0.0067,-0.0094,0.0008,0.9482,1.7304,-0.0089","0.0156,-0.0041,0.9628,1.7398,-2.7188,-0.0195,0.0069,0.9466,1.7341,-2.7449",-1.47773015499115,-4.849508285522461,-1.468887448310852,-4.843185424804688,-1.4865728616714478,-4.855831146240234,-0.0799430608749389,-1.6985430717468262,"0.07637641578912735,0.05101389437913895,0.8437702655792236,-7.072892665863037,-0.1512417495250702,-0.06322725862264633,-0.033013369888067245,0.9191049337387085,-7.138585567474365,-0.14239904284477234","0.15550169348716736,0.0315469354391098,0.8477824926376343,-7.192730903625488,-0.14974257349967957,-0.13969279825687408,-0.07642929255962372,0.9165958166122437,-7.036488056182861,-0.14341971278190613",0.0,0.0,False,False,False,False,False,False,False,False,"0.0000,0.0000,0.0000,0.0000,0.0000,0.0000,0.0000,0.0000,0.0000,0.0000","0.0000,0.0000,0.0000,0.0000,0.0000,0.0000,0.0000,0.0000,0.0000,0.0000",0.0,0.0,0,0
49,49,49,0.49,0.49,0.0,-0.01,0.4041118323802948,0.4041118323802948,0.4041118323802948,0.3941118419170379,False,True,0.4080268740653991,0.4070251584053039,True,True,True,True,True,True,True,True,True,True,double_contact,double_contact,none,none,0.4900000000000002,0.4000000000000002,39.70379257202149,39.88210678100586,39.71540069580078,39.07719039916992,79.41919518697563,78.95930010468753,0,0,0.0028772536788551,0.0452556597829172,0.0056494619388963,0.0157189803175001,0.0022083242175116,0.0038765178469075,0.0154867739166377,0.0051640274210269,0.0031841795425862,0.0068190153688192,"0.0034,-0.0032,0.9634,1.7324,-0.0084,-0.0096,0.0009,0.9483,1.7303,-0.0241","0.0160,-0.0040,0.9631,1.7394,-2.7673,-0.0200,0.0068,0.9468,1.7335,-2.7936",-1.5449907183647156,-4.872469425201416,-1.5368977785110474,-4.863028049468994,-1.5530836582183838,-4.881910800933838,-0.1150901466608047,-1.8102264404296875,"0.07656527310609818,0.049915339797735214,0.8391199111938477,-7.073062419891357,-0.1497647613286972,-0.06359401345252991,-0.03484432399272919,0.9215824604034424,-7.13721227645874,-0.141671821475029","0.15012001991271973,0.040580324828624725,0.8511780500411987,-7.179701328277588,-0.1529000699520111,-0.13355226814746857,-0.06336471438407898,0.9032242894172668,-7.031960964202881,-0.14345869421958923",0.0,0.0,False,False,False,False,False,False,False,False,"0.0000,0.0000,0.0000,0.0000,0.0000,0.0000,0.0000,0.0000,0.0000,0.0000","0.0000,0.0000,0.0000,0.0000,0.0000,0.0000,0.0000,0.0000,0.0000,0.0000",0.0,0.0,0,0
