controller,height,survival_time_mean,survival_time_std,fall_rate_mean,pitch_RMS_deg_mean,pitch_RMS_deg_std,roll_RMS_deg_mean,roll_RMS_deg_std,height_RMSE_mean,height_RMSE_std,CoM_error_RMS_mean,CoM_error_RMS_std,wheel_speed_RMS_mean,wheel_speed_RMS_std,wheel_cmd_RMS_mean,wheel_cmd_RMS_std,action_saturation_rate_mean,action_saturation_rate_std,action_rate_RMS_mean,action_rate_RMS_std
height_ik_wheel_lqr_only_b8,0.4,0.4,0.0,1.0,19.910362243652344,0.0,0.6916216015815735,0.0,0.3907753825187683,0.0,0.19910362362861633,0.0,18.08301544189453,0.0,0.1544964611530304,0.0,0.0,0.0,0.017949575558304787,0.0
height_ik_wheel_lqr_only_b8,0.45,0.8400000000000001,0.0,1.0,26.89375877380371,0.0,1.6575627326965332,0.0,0.5387793183326721,0.0,0.2689375877380371,0.0,19.261802673339844,0.0,0.5882124304771423,0.0,0.0,0.0,0.025602782145142555,0.0
height_ik_wheel_lqr_only_b8,0.5,0.36,0.0,1.0,24.12843132019043,0.0,1.4010652303695679,0.0,0.42365562915802,0.0,0.2412843108177185,0.0,16.897802352905273,0.0,0.16515502333641052,0.0,0.0,0.0,0.020460473373532295,0.0
height_ik_wheel_lqr_only_b8,0.55,0.12,0.0,1.0,24.26114845275879,0.0,0.7305376529693604,0.0,0.44999998807907104,0.0,0.24261148273944855,0.0,15.288890838623047,0.0,0.10379143804311752,0.0,0.0,0.0,0.060216743499040604,0.0
height_ik_wheel_lqr_only_b8,0.6,0.1,0.0,1.0,22.60439109802246,0.0,0.9726395010948181,0.0,0.3999999761581421,0.0,0.2260439097881317,0.0,16.148923873901367,0.0,0.0562535859644413,0.0,0.04,0.0,0.0725836232304573,0.0
height_ik_wheel_lqr_only_b8,0.65,0.1,0.0,1.0,22.60508155822754,0.0,0.9726475477218628,0.0,0.3500000238418579,0.0,0.22605080902576447,0.0,16.150358200073242,0.0,0.0546625517308712,0.0,0.04,0.0,0.07243017852306366,0.0
height_ik_wheel_lqr_only_b8,0.7,0.1,0.0,1.0,22.605772018432617,0.0,0.9726556539535522,0.0,0.30000001192092896,0.0,0.22605770826339722,0.0,16.151792526245117,0.0,0.05210402235388756,0.0,0.04,0.0,0.07225307822227478,0.0
height_scheduled_dynamic_lqr_ik,0.4,17.18,0.0,1.0,26.891990661621094,0.0,2.2395377159118652,0.0,0.39993205666542053,0.0,0.2689199149608612,0.0,18.530488967895508,0.0,0.536151647567749,0.0,0.0,0.0,0.10461364686489105,0.0
height_scheduled_dynamic_lqr_ik,0.45,20.0,0.0,0.0,32.89170837402344,0.0,2.955038070678711,0.0,0.44907474517822266,0.0,0.32891708612442017,0.0,19.08930206298828,0.0,0.5951492190361023,0.0,0.0,0.0,0.1064993292093277,0.0
height_scheduled_dynamic_lqr_ik,0.5,0.68,0.0,1.0,16.053373336791992,0.0,0.7262595295906067,0.0,0.35065925121307373,0.0,0.16053372621536255,0.0,16.926923751831055,0.0,0.28427854180336,0.0,0.0,0.0,0.06615546345710754,0.0
height_scheduled_dynamic_lqr_ik,0.55,0.38,0.0,1.0,19.59804344177246,0.0,0.6676828265190125,0.0,0.2691124379634857,0.0,0.19598042964935303,0.0,17.435504913330078,0.0,0.11542048305273056,0.0,0.0,0.0,0.022406063973903656,0.0
height_scheduled_dynamic_lqr_ik,0.6,0.32,0.0,1.0,22.67405128479004,0.0,0.5952857136726379,0.0,0.2521933317184448,0.0,0.2267405092716217,0.0,16.855655670166016,0.0,0.10559239983558655,0.0,0.0,0.0,0.01824425533413887,0.0
height_scheduled_dynamic_lqr_ik,0.65,0.32,0.0,1.0,20.74844741821289,0.0,0.5838416218757629,0.0,0.25320571660995483,0.0,0.20748446881771088,0.0,16.18777847290039,0.0,0.08566969633102417,0.0,0.0,0.0,0.028259605169296265,0.0
height_scheduled_dynamic_lqr_ik,0.7,0.42000000000000004,0.0,1.0,21.080690383911133,0.0,0.4760442078113556,0.0,0.2531084716320038,0.0,0.21080690622329712,0.0,19.110126495361328,0.0,0.08606057614088058,0.0,0.0,0.0,0.019123168662190437,0.0
hierarchical_vmc_lqr,0.4,0.36,0.0,1.0,14.245587348937988,0.0,0.6797016859054565,0.0,0.37312522530555725,0.0,0.14245587587356567,0.0,17.75217628479004,0.0,0.26430976390838623,0.0,0.14444444444444443,0.0,0.16269148886203766,0.0
hierarchical_vmc_lqr,0.45,0.68,0.0,1.0,17.145139694213867,0.0,2.6724801063537598,0.0,0.457364559173584,0.0,0.1714513897895813,0.0,19.369155883789062,0.0,0.20458094775676727,0.0,0.3352941176470588,0.0,0.249672070145607,0.0
hierarchical_vmc_lqr,0.5,0.32,0.0,1.0,25.806705474853516,0.0,0.6482433080673218,0.0,0.4629533886909485,0.0,0.2580670416355133,0.0,16.81882095336914,0.0,0.26853814721107483,0.0,0.0875,0.0,0.24215544760227203,0.0
hierarchical_vmc_lqr,0.55,0.1,0.0,1.0,20.29511260986328,0.0,0.7305225729942322,0.0,0.44999998807907104,0.0,0.202951118350029,0.0,14.996797561645508,0.0,0.06386932730674744,0.0,0.0,0.0,0.16708415746688843,0.0
hierarchical_vmc_lqr,0.6,0.1,0.0,1.0,23.528051376342773,0.0,1.033718466758728,0.0,0.3999999761581421,0.0,0.23528051376342773,0.0,16.668397903442383,0.0,0.06422610580921173,0.0,0.0,0.0,0.16872075200080872,0.0
hierarchical_vmc_lqr,0.65,0.1,0.0,1.0,23.528610229492188,0.0,1.0337090492248535,0.0,0.3500000238418579,0.0,0.23528610169887543,0.0,16.67000961303711,0.0,0.061954375356435776,0.0,0.0,0.0,0.16862769424915314,0.0
hierarchical_vmc_lqr,0.7,0.1,0.0,1.0,23.529170989990234,0.0,1.0336991548538208,0.0,0.30000001192092896,0.0,0.23529170453548431,0.0,16.6716251373291,0.0,0.058689869940280914,0.0,0.0,0.0,0.1685255765914917,0.0
hierarchical_vmc_lqr_v2,0.4,0.74,0.0,1.0,18.5555477142334,0.0,0.5295764803886414,0.0,0.33940088748931885,0.0,0.18555547297000885,0.0,17.36875343322754,0.0,0.3312942385673523,0.0,0.17297297297297298,0.0,0.2222972959280014,0.0
hierarchical_vmc_lqr_v2,0.45,0.62,0.0,1.0,15.406657218933105,0.0,6.408980846405029,0.0,0.45937469601631165,0.0,0.1540665626525879,0.0,19.82497215270996,0.0,0.071137435734272,0.0,0.32903225806451614,0.0,0.2396974265575409,0.0
hierarchical_vmc_lqr_v2,0.5,0.28,0.0,1.0,23.60276222229004,0.0,0.6598520278930664,0.0,0.4599994421005249,0.0,0.23602761328220367,0.0,16.45257568359375,0.0,0.19665640592575073,0.0,0.07142857142857142,0.0,0.1825619339942932,0.0
hierarchical_vmc_lqr_v2,0.55,0.1,0.0,1.0,20.383909225463867,0.0,0.7279818654060364,0.0,0.44999998807907104,0.0,0.20383909344673157,0.0,15.415874481201172,0.0,0.046079788357019424,0.0,0.0,0.0,0.16648341715335846,0.0
hierarchical_vmc_lqr_v2,0.6,0.1,0.0,1.0,23.508310317993164,0.0,1.0340603590011597,0.0,0.3999999761581421,0.0,0.23508310317993164,0.0,16.611852645874023,0.0,0.048716410994529724,0.0,0.0,0.0,0.16833625733852386,0.0
hierarchical_vmc_lqr_v2,0.65,0.1,0.0,1.0,23.510847091674805,0.0,1.034016489982605,0.0,0.3500000238418579,0.0,0.23510846495628357,0.0,16.619064331054688,0.0,0.048439960926771164,0.0,0.0,0.0,0.16830074787139893,0.0
hierarchical_vmc_lqr_v2,0.7,0.1,0.0,1.0,23.513376235961914,0.0,1.0339730978012085,0.0,0.30000001192092896,0.0,0.23513375222682953,0.0,16.62628746032715,0.0,0.046774640679359436,0.0,0.0,0.0,0.1682497262954712,0.0
hierarchical_vmc_lqr_v3,0.4,0.38,0.0,1.0,17.395797729492188,0.0,1.6424458026885986,0.0,0.390587717294693,0.0,0.1739579737186432,0.0,17.78677749633789,0.0,0.15523001551628113,0.0,0.021052631578947368,0.0,0.2011820524930954,0.0
hierarchical_vmc_lqr_v3,0.45,0.62,0.0,1.0,24.491634368896484,0.0,1.2376407384872437,0.0,0.5394183397293091,0.0,0.24491633474826813,0.0,19.065378189086914,0.0,0.36753785610198975,0.0,0.0,0.0,0.2879788875579834,0.0
hierarchical_vmc_lqr_v3,0.5,0.36,0.0,1.0,23.223846435546875,0.0,1.6966615915298462,0.0,0.430562824010849,0.0,0.23223845660686493,0.0,16.669153213500977,0.0,0.1580059826374054,0.0,0.0,0.0,0.28373926877975464,0.0
hierarchical_vmc_lqr_v3,0.55,0.14,0.0,1.0,26.764692306518555,0.0,0.6165021061897278,0.0,0.44999998807907104,0.0,0.2676469087600708,0.0,16.51172637939453,0.0,0.15220294892787933,0.0,0.02857142857142857,0.0,0.14467383921146393,0.0
hierarchical_vmc_lqr_v3,0.6,0.1,0.0,1.0,21.707746505737305,0.0,0.8999152183532715,0.0,0.3999999761581421,0.0,0.21707746386528015,0.0,16.5350284576416,0.0,0.06370051205158234,0.0,0.04,0.0,0.1477992683649063,0.0
hierarchical_vmc_lqr_v3,0.65,0.1,0.0,1.0,21.708431243896484,0.0,0.8999178409576416,0.0,0.3500000238418579,0.0,0.21708430349826813,0.0,16.53655433654785,0.0,0.06143737584352493,0.0,0.04,0.0,0.14770324528217316,0.0
hierarchical_vmc_lqr_v3,0.7,0.1,0.0,1.0,21.709115982055664,0.0,0.8999207615852356,0.0,0.30000001192092896,0.0,0.2170911580324173,0.0,16.538082122802734,0.0,0.05823368951678276,0.0,0.04,0.0,0.14759616553783417,0.0
